"(Parent) ASIN","(Child) ASIN","Title","SKU","Sessions","Session Percentage","Page Views","Page Views Percentage","Buy Box Percentage","Units Ordered","Units Ordered - B2B","Unit Session Percentage","Unit Session Percentage - B2B","Ordered Product Sales","Ordered Product Sales - B2B","Total Order Items","Total Order Items - B2B"
"B00UIHIKF2","B00UIHIKF2","SIMPLEX 4098-9792 SSD SMOKE SENSOR BASE","2O-DXMN-7XR4","456","1.56%","751","1.79%","25%","128","107","28.07%","23.46%","$4,513.31","$3,709.19","29","21"
"B019BRQPKG","B019BRQPKG","Simplex 4098-9601 Photo Detector W/Led","F2-L4PQ-UQFZ","183","0.62%","262","0.63%","85%","172","114","93.99%","62.30%","$8,196.14","$5,378.34","41","21"
"B00BU5XCTU","B00BU5XCTU","Simplex 4098-9733 Temperature Rating 135°F (57°C), Heat Detector","S4098-9733","475","1.62%","669","1.60%","82%","116","62","24.42%","13.05%","$3,099.71","$1,628.40","38","20"
"B001UKZ31U","B001UKZ31U","Edwards Signaling 1504-AQN5 Electromagnetic Door Holder Flush Wall Mount","E1504-AQN5","510","1.74%","761","1.82%","6%","32","30","6.27%","5.88%","$1,614.50","$1,474.98","13","12"
"B0084PIOII","B0084PIOII","Notifier Nbg-12Lx Fire Alarm Addressable Pull Station Key Lock","NNBG-12LX","389","1.33%","632","1.51%","24%","33","25","8.48%","6.43%","$2,342.66","$1,691.55","15","11"
"B01G7KKS80","B01G7KKS80","SIMPLEX 4099-9004 Pull Down Station - Single Action","4099-9004","195","0.67%","273","0.65%","97%","45","27","23.08%","13.85%","$2,893.54","$1,718.31","21","11"
"B00LMK3NMY","B00LMK3NMY","Notifier FST-851 Intelligent Addressable Plug-In Thermal Heat Detector Sensor","3G-Y2FZ-KTBP","208","0.71%","306","0.73%","75%","57","26","27.40%","12.50%","$2,487.43","$1,135.92","19","9"
"B0015Q810Y","B0015Q810Y","Edwards-Signaling 1508AQN5 GE Security 1508-AQN5 Door Holder, Surface, Wall Mount - 24-120V","E1508AQN5","427","1.46%","635","1.52%","5%","44","38","10.30%","8.90%","$2,367.19","$1,988.75","10","8"
"B0161FR9YW","B0161FR9YW","NOTIFIER FMM-101 MONITOR MODULE *ORIGINAL PACKAGE*","NFMM-101","166","0.57%","224","0.53%","49%","103","58","62.05%","34.94%","$4,094.00","$2,284.22","20","8"
"B01ENQ2KRM","B01ENQ2KRM","Simplex 4098-9756 Air Duct 4 Wire Sensor Housing Smoke Detector Fire Alarm","S40989756","108","0.37%","129","0.31%","81%","33","17","30.56%","15.74%","$6,713.79","$3,408.11","17","8"
"B06XHD6C4J","B06XHD6C4J","Edwards SIGA-PD Intelligent Photoelectric Sensor Head Detector Fire Accessory","ESIGAPD","223","0.76%","333","0.79%","67%","99","57","44.39%","25.56%","$4,562.75","$2,575.05","19","8"
"B00GPO2XIC","B00GPO2XIC","Edwards Signaling 1500-7 Door Holder Extension Rods Adjustable Extension","E15007","140","0.48%","212","0.51%","76%","23","9","16.43%","6.43%","$1,103.70","$432.56","13","7"
"B00RW75DYC","B00RW75DYC","EST Edwards SIGA-SB Signature Series Standard Sensor/Detector Base","ESIGA-SB","90","0.31%","132","0.31%","64%","31","20","34.44%","22.22%","$513.28","$332.11","13","7"
"B019MC0KYM","B019MC0KYM","SIMPLEX 4098-9757 Addressable Smoke Detector","S4098-9757","115","0.39%","153","0.37%","59%","33","16","28.70%","13.91%","$1,498.33","$717.88","14","7"
"B071CDXTJH","B001UKRJHQ","Edwards Signaling 270-SPO 30V AC - 60V DC Pull Station SPNO Screw Terminal","E270SPO","778","2.66%","1,167","2.78%","85%","131","12","16.84%","1.54%","$2,182.55","$202.95","67","6"
"B002MAA7XQ","B002MAA7XQ","SYSTEM SENSOR CO1224T 12/24 volt, 4-wire, system-monitored C02 carbon monoxide detector w/ RealTest Technology","SCO1224T","466","1.59%","664","1.58%","49%","99","21","21.24%","4.51%","$6,188.39","$1,262.09","44","6"
"B002RLXWBE","B002RLXWBE","Safety Technology International, Inc. STI-1230 Stopper II without Horn with Clear Spacer, Protective Polycarbonate Cover","ESTI1230","618","2.11%","954","2.28%","31%","100","46","16.18%","7.44%","$5,742.04","$2,559.93","23","6"
"B007OOPZ3C","B007OOPZ3C","Simplex Consecutive Ribbon 610-297 (Purple)","S610297","28","0.10%","48","0.11%","88%","28","17","100.00%","60.71%","$502.71","$303.06","13","5"
"B00V547IUK","B007U7YMTG","DSC PTK5507 PowerSeries TouchScreen Security Interface, 7 Inch display","DPTK5507W","1,441","4.92%","2,082","4.97%","78%","39","6","2.71%","0.42%","$8,698.77","$1,210.31","29","5"
"B013F4N90U","B013F4N90U","Simplex 4090-9051 Supervised IAM","IM-HQ6P-GNH8","39","0.13%","50","0.12%","76%","20","7","51.28%","17.95%","$909.97","$312.55","10","5"
"B015X1JDQW","B015X1JDQW","EDWARDS SYSTEMS TECHNOLOGY SIGA-CT2 SINGLE MODULE SIGNATURE SERIES *NEW IN BOX*","ESIGA-CT2","81","0.28%","122","0.29%","80%","14","10","17.28%","12.35%","$952.22","$681.28","9","5"
"B019MBYIZK","B019MBYIZK","SIMPLEX 4903-9425 A/V 15 CD RED, STD Non-Addressable","S4903-9425","216","0.74%","302","0.72%","95%","21","13","9.72%","6.02%","$1,875.42","$1,156.40","11","5"
"B01BL4PR7O","B01BL4PR7O","SIMPLEX 4906-9127 - A/V M/C Non-Addresable Wall MT (RED)","S4906-9127","132","0.45%","204","0.49%","77%","144","134","109.09%","101.52%","$10,968.84","$10,217.57","12","5"
"B01EZ8VBQ4","B01EZ8VBQ4","SIMPLEX 4098-9794 SSD, Sounder Base","S4098-9794","88","0.30%","121","0.29%","69%","57","21","64.77%","23.86%","$3,544.29","$1,258.95","14","5"
"B07L9L1QJV","B07L9L1QJV","Simplex 252-019 Pull Station Key For""B"" Lock","S252019","167","0.57%","235","0.56%","93%","32","9","19.16%","5.39%","$366.34","$100.20","17","5"
"B000K2A0T4","B000K2A0T4","Edwards 270-GRL- Glass Replacement Rods (20 Rods per package)","E270GLR","74","0.25%","112","0.27%","98%","18","4","24.32%","5.41%","$295.91","$63.80","18","4"
"B003V1DI68","B003V1DI68","Edwards Signaling 6537","E6537","48","0.16%","59","0.14%","98%","17","8","35.42%","16.67%","$782.79","$362.16","8","4"
"B003XACL9C","B003XACL9C","Tyco IT-100 Serial Integration Module for Dsc Power Series Control Panels","DIT100","95","0.32%","132","0.31%","64%","15","5","15.79%","5.26%","$804.52","$267.59","12","4"
"B004HN1RYY","B004HN1RYY","Edwards 276-GLR- Glass Replacement Rods (20 Rods per package)","E276GLR","54","0.18%","69","0.16%","75%","5","5","9.26%","9.26%","$89.17","$89.17","4","4"
"B019MBY7IS","B019MBY7IS","SIMPLEX 4098 Smoke - Heat Detector / Thermostat Base 4098-9788 SSD 2-Wire Base with connections for Remote Alarm LED Indicator Fire Alarm Equipment","S4098-9788","68","0.23%","87","0.21%","0%","36","20","52.94%","29.41%","$603.27","$331.10","12","4"
"B019MBYI5A","B019MBYI5A","SIMPLEX 4903-9252 A/V Horn-Strobe, Red, Wall Mount","S4903-9252","139","0.47%","193","0.46%","80%","26","6","18.71%","4.32%","$3,292.82","$757.81","8","4"
"B01F4EWDNS","B01F4EWDNS","SIMPLEX 4906-9131 -A/V M-C Red STROBE Signal Weather Proof","S4906-9131","80","0.27%","124","0.30%","61%","13","6","16.25%","7.50%","$1,170.24","$539.34","6","4"
"B01IWR1T7K","B01IWR1T7K","DSC PC1832, 8-32 Zone Control Board V 4.7","DPC1832","437","1.49%","702","1.67%","92%","31","4","7.09%","0.92%","$1,390.86","$178.19","31","4"
"B01NA92LCC","B01NA92LCC","Notifier FST-851H - Heat Detector 190F Fixed Temperature","NFST851H","81","0.28%","114","0.27%","84%","38","29","46.91%","35.80%","$2,026.34","$1,563.71","8","4"
"B071ZZTBZN","B071ZZTBZN","Edwards 711U Smoke Detector 2-Wire 12/24 VDC","E711U","57","0.19%","75","0.18%","61%","5","5","8.77%","8.77%","$187.50","$187.50","4","4"
"B005XDA3WE","B005XDA3WE","Simplex - 6334-9140  4.0"" Red LED Clock, 120 Vac","1A-XTZC-LF33","49","0.17%","89","0.21%","54%","5","4","10.20%","8.16%","$1,290.68","$986.00","4","3"
"B005XDA4TQ","B005XDA4TQ","SIMPLEX 4098-9754 Analog Photo/Heat Sensor","S4098-9754","45","0.15%","72","0.17%","67%","11","5","24.44%","11.11%","$538.73","$243.55","5","3"
"B00D3RGLGE","B00D3RGLGE","NEW SIMPLEX 4090-9001 FIRE ALARM REV E MONITOR MODULE SAFETY SECURITY B443173","3K-DWXJ-4F0L","153","0.52%","226","0.54%","58%","41","14","26.80%","9.15%","$1,388.59","$464.10","15","3"
"B013GWUO36","B013GWUO36","Simplex 4090-9002 IDNet Relay IAM","S4090-9002","65","0.22%","101","0.24%","78%","15","7","23.08%","10.77%","$566.84","$264.09","8","3"
"B0161FFZCK","B0161FFZCK","NOTIFIER FMM-1 MONITOR MODULE *ORIGINAL PACKAGE*","NFMM-1","187","0.64%","266","0.63%","11%","11","11","5.88%","5.88%","$556.95","$556.95","3","3"
"B01BL4PUYY","B01BL4PUYY","SIMPLEX 565-925 - Replacement Board 4098 4 Wire Duct Sensor PCBD","S565-925","54","0.18%","79","0.19%","77%","17","6","31.48%","11.11%","$1,188.54","$369.90","7","3"
"B01EZ8VEY8","B01EZ8VEY8","SIMPLEX 2099-9804 Break Rod for Pull Station","S2099-9804","189","0.65%","260","0.62%","84%","48","11","25.40%","5.82%","$483.04","$106.28","10","3"
"B01EZ8VKEW","B01EZ8VKEW","SIMPLEX 4098-9402 - Combination ROR/Thermal Detector","S4098-9402","30","0.10%","46","0.11%","91%","10","3","33.33%","10.00%","$720.72","$209.69","6","3"
"B01F4EWHIO","B01F4EWHIO","SIMPLEX 4906-9154 -S/V M-C NON-ADDR -White Ceiling Mt","S4906-9154","30","0.10%","39","0.09%","87%","34","12","113.33%","40.00%","$3,478.35","$1,206.60","9","3"
"B01G7KNK4E","B01G7KNK4E","Simplex 4603-9101 - LCD Annunciator Display","96-GIS4-6CS9","50","0.17%","82","0.20%","71%","6","3","12.00%","6.00%","$3,604.11","$1,776.83","6","3"
"B01LZ0L8LL","B01LZ0L8LL","Notifier NMM-100 - Monitor Module","NMM-100","36","0.12%","49","0.12%","78%","10","4","27.78%","11.11%","$649.50","$262.08","7","3"
"B01N48H2TO","B01N48H2TO","Edwards EST 3-ANNCPU3 - Annunciator CPU","E3ANNCPU3","14","0.05%","17","0.04%","88%","11","11","78.57%","78.57%","$4,122.14","$4,122.14","3","3"
"B077JHX4B5","B077JHX4B5","Simplex 2081-9044 - Overvoltage Supressor","S20819044","13","0.04%","16","0.04%","81%","17","15","130.77%","115.38%","$609.19","$532.65","4","3"
"B07GVQ4MNJ","B07GVQ4MNJ","","GASDPL2F","37","0.13%","64","0.15%","61%","25","6","67.57%","16.22%","$2,202.86","$433.22","8","3"
"B07R95Z86D","B07R95Z86D","System Sensor SSM24-6 6 INCH Alarm Bell Bell 24V DC","NSSM246","22","0.08%","25","0.06%","0%","4","3","18.18%","13.64%","$191.44","$143.64","4","3"
"B0015QGGTW","B0015QGGTW","Fire Lite Alarms BG-12 Fire Alarm Dual Action Manual Pull Station, Red","FBG12","301","1.03%","458","1.09%","43%","19","7","6.31%","2.33%","$587.55","$207.62","14","2"
"B01975SK64","B003XA4ZJG","Power series 8 hardwire zone expander","DPC5108","266","0.91%","409","0.98%","79%","40","4","15.04%","1.50%","$838.97","$83.60","26","2"
"B003Y02G6O","B003Y02G6O","Electromagnetic Door Holder, L 4-13/16 in","YE-DFOU-KG6S","57","0.19%","75","0.18%","89%","3","2","5.26%","3.51%","$223.73","$151.03","3","2"
"B004HN6OEM","B004HN6OEM","DSC BV-500 - Motion Detector and Glassbreak Sensor","DBV500","87","0.30%","114","0.27%","94%","5","3","5.75%","3.45%","$149.24","$86.85","4","2"
"B004KNSEXI","B004KNSEXI","Tyco Safety Products DSC LC-151 Outdoor Detect.Dual Tech Sin Pir","DLC151","339","1.16%","455","1.09%","79%","50","3","14.75%","0.88%","$3,239.97","$196.23","25","2"
"B006W3EUBY","B006W3EUBY","DSC TYCO PowerSeries PK5501ENG 64-Zone LCD Picture Icon Keypad","DPK5501","212","0.72%","307","0.73%","0%","8","2","3.77%","0.94%","$320.45","$80.30","6","2"
"B007IAN0D4","B007IAN0D4","EDWARDS SIGNALING Heat Detector, White, H 5 x L 5 in","E283BPL","153","0.52%","194","0.46%","90%","21","5","13.73%","3.27%","$371.71","$87.40","11","2"
"B00BB2QZUA","B00BB2QZUA","DSC WS4904P - Wireless Pet-Immune Passive Infrared Detector","DWS4904P","86","0.29%","125","0.30%","0%","64","8","74.42%","9.30%","$1,348.14","$160.00","18","2"
"B00GPNXJAO","B00GPNXJAO","Edwards Signaling 278B-1120 FIRE ALARM STA","E278B1120","553","1.89%","785","1.87%","83%","33","2","5.97%","0.36%","$869.42","$49.86","27","2"
"B00LMI42B2","B00LMI42B2","Est Edwards 3-Modcom Modem Dialer Communicator Dact Module Digital Alarm Communication Transmitter","E3MODCOM","35","0.12%","61","0.15%","79%","2","2","5.71%","5.71%","$823.56","$823.56","2","2"
"B00LWHARYY","B00LWHARYY","Edwards G1F-HD Indoor Wall-Mount Temporal Fire Alarm Horn 24v White","EG1FHD","795","2.71%","1,220","2.91%","92%","53","3","6.67%","0.38%","$981.91","$56.10","41","2"
"B00NDZO41U","B00NDZO41U","Edwards SIGA-SD Intelligent Duct Detector","1S-3WCI-BGBN","162","0.55%","257","0.61%","0%","2","2","1.23%","1.23%","$294.05","$294.05","2","2"
"B00OEHXIZ4","B00OEHXIZ4","EST Genesis Strobe G1-VM","EG1VM","181","0.62%","280","0.67%","66%","10","4","5.52%","2.21%","$295.23","$119.85","8","2"
"B014LBK60C","B014LBK60C","Edwards Signaling EG1-HDVM Horn Strobe, HI-LO, MC, WHT","EEG1HDVM","392","1.34%","530","1.26%","59%","9","4","2.30%","1.02%","$411.25","$179.42","4","2"
"B014POYIOU","B014POYIOU","STI-1100 - Stopper II with Horn (9V Battery) for Flush Stations","SSTI1100","18","0.06%","26","0.06%","100%","2","2","11.11%","11.11%","$153.76","$153.76","2","2"
"B019BS0WPE","B019BS0WPE","Simplex 4098-9789 Bsae W/ Led Out","NU-VAAD-BYSS","27","0.09%","39","0.09%","77%","10","4","37.04%","14.81%","$334.86","$127.80","3","2"
"B01BL4POK4","B01BL4POK4","SIMPLEX 4903-9150 - Speaker Strobe 15CD Horizontal (Red)","S4903-9150","39","0.13%","58","0.14%","91%","7","2","17.95%","5.13%","$850.80","$237.95","3","2"
"B01BL4PWUG","B01BL4PWUG","Edwards G1RF-HDVM- M/C Horn-Strobe (RED)","EG1RF-HDVM","62","0.21%","88","0.21%","77%","24","6","38.71%","9.68%","$896.28","$215.70","4","2"
"B01BL4Q476","B01BL4Q476","Edwards SIGA-MFT - MAP Fault Finder Tool","ESIGA-MFT","61","0.21%","98","0.23%","83%","4","2","6.56%","3.28%","$1,009.46","$485.90","3","2"
"B01EZ8VCCW","B01EZ8VCCW","SIMPLEX 2099-9756 Pull Station Double Action, IN/O","S2099-9756","163","0.56%","229","0.55%","90%","13","2","7.98%","1.23%","$511.90","$78.13","13","2"
"B01EZ8VG4Q","B01EZ8VG4Q","SIMPLEX 2190-9173 - MAPNET II , 2 POINT IN/O","S2190-9173","9","0.03%","11","0.03%","82%","15","15","166.67%","166.67%","$867.90","$867.90","2","2"
"B01FUXLAF0","B01FUXLAF0","Simplex 2099-9138 - Weather Proof S/A Pull Station","S20999138","39","0.13%","48","0.11%","92%","12","12","30.77%","30.77%","$720.04","$720.04","2","2"
"B01H66L7XY","B01H66L7XY","SIMPLEX 4906-9104 - V/O M-C White Ceeling Mt","S4906-9104","37","0.13%","52","0.12%","0%","5","3","13.51%","8.11%","$303.27","$182.53","3","2"
"B01IANVGFQ","B01IANVGFQ","Notifier FRM-1 - Control Relay Module","NFRM-1","301","1.03%","450","1.07%","3%","12","12","3.99%","3.99%","$757.64","$757.64","2","2"
"B01IWQIRJO","B01IWQIRJO","DSC PC1864, 8-64 Zone Control Board","DC1864","318","1.09%","497","1.19%","89%","34","2","10.69%","0.63%","$1,518.94","$87.91","30","2"
"B01M68NYH7","B01M68NYH7","Simplex 4098-9770 - CO BASE W/EXTENDED LIFE","S40989770","21","0.07%","26","0.06%","88%","2","2","9.52%","9.52%","$369.90","$369.90","2","2"
"B01M71GNVS","B01M71GNVS","SIMPLEX 49AV-WRF - A/V Addressable Multi-Candela Wall MT With Fire Markings (Red)","S49AVWRF","127","0.43%","170","0.41%","75%","26","3","20.47%","2.36%","$2,258.39","$254.85","6","2"
"B01MD1OQL3","B01MD1OQL3","Bosch D1255RB -Full Function Fire Keypad with Vaccum Fluorescent Display","B1255RB","11","0.04%","14","0.03%","79%","2","2","18.18%","18.18%","$270.58","$270.58","2","2"
"B01N5C5DHE","B01N5C5DHE","Notifier FST-851R - Rate of Rise Thermal Sensor 135F","NFST851R","55","0.19%","66","0.16%","85%","13","5","23.64%","9.09%","$697.00","$277.63","6","2"
"B06ZZCYLK7","B06ZZCYLK7","Edwards 757-7A-T - 15-75CD Temporal Horn Strobe","E7577AT","22","0.08%","29","0.07%","79%","56","51","254.55%","231.82%","$2,912.64","$2,649.45","4","2"
"B0746SLDMZ","B0746SLDMZ","Edwards EST SIGA-PCD- Smoke and CO Detector (Replaces SIGA2-PCOS)","ESIGAPCD","61","0.21%","84","0.20%","80%","13","6","21.31%","9.84%","$1,166.56","$529.95","5","2"
"B0746T9PYG","B0746T9PYG","Edwards Signaling 270A-SPO 30V AC - 60V DC Pull Station SPNO Wire Leads","E270ASPO","57","0.19%","78","0.19%","99%","26","21","45.61%","36.84%","$531.54","$423.15","4","2"
"B07B5N2BWQ","B07B5N2BWQ","Notifier 75554 - Laptop to Nup Port Prog Cable","N75554","60","0.20%","128","0.31%","55%","18","3","30.00%","5.00%","$405.79","$68.75","12","2"
"B07B6TCYJ1","B07B6TCYJ1","Notifier NBG-12LR Dual Action Releasing Pull Station, RED","NNBG12LR","81","0.28%","114","0.27%","88%","9","8","11.11%","9.88%","$355.18","$313.60","3","2"
"B07BLK9DF1","B07BLK9DF1","Edwards SIGA-HDT - Handheld Diagnostic Tool","ESIGAHDT","67","0.23%","110","0.26%","50%","8","5","11.94%","7.46%","$3,374.58","$2,103.80","5","2"
"B07C92SY38","B07C92SY38","System Sensor B200S- Intelligent Addressable Sounder Base","SB200S","64","0.22%","89","0.21%","15%","11","11","17.19%","17.19%","$641.19","$641.19","2","2"
"B07DF69KRM","B07DF69KRM","Notifier 17021 - Notifier Fire Alarm Key","N17021","303","1.03%","398","0.95%","85%","19","4","6.27%","1.32%","$324.56","$66.71","14","2"
"B07F452F3W","B07F452F3W","System Sensor SCRL - L-Series Ceiling Mountable Strobe with Clear Lens","SSCRL","54","0.18%","66","0.16%","74%","5","3","9.26%","5.56%","$201.68","$119.10","4","2"
"B07GNTRRDR","B07GNTRRDR","Simplex 4904-9168 - Free-Run Strobe 15 Candela Output Non-Addressable Wall Mount","S49049168","8","0.03%","9","0.02%","56%","6","6","75.00%","75.00%","$347.70","$347.70","2","2"
"B07GVPD4W3","B07GVPD4W3","Gamewell FCI AMM-4F - Velociti Series Addressable Monitor Module","GAMM4F","24","0.08%","36","0.09%","14%","6","5","25.00%","20.83%","$404.54","$338.07","3","2"
"B07GVQ1B28","B07GVQ1B28","Gamewell FCI AOM-2RF - Velociti Addressable Output Relay Control Module","GAOM2RF","49","0.17%","68","0.16%","56%","7","2","14.29%","4.08%","$460.10","$130.31","5","2"
"B07MCM8GJP","B07MCM8GJP","Notifier FSP-951 Smoke Detector - Direct Replacement for The FSP-851","NFSP951","164","0.56%","243","0.58%","0%","10","7","6.10%","4.27%","$550.79","$378.35","3","2"
"B07PLM1NGP","B07PLM1NGP","DSC Power Series RFK5501 64 Zones Lcd Keypad Built-in Wireless Receiver 433 Mhz","DSCRFK5501","450","1.54%","664","1.58%","0%","44","2","9.78%","0.44%","$1,894.49","$86.25","41","2"
"B001UKRMSW","B001UKRMSW","System Sensor A77-01-02 - Replacement Terminal Block Kit","SA770102","6","0.02%","9","0.02%","0%","2","1","33.33%","16.67%","$68.45","$35.50","2","1"
"B003S1RRDG","B003S1RRDG","DSC LC171- Dual-Tech Outdoor Motion Detector  with Pet Immunity","DLC171","176","0.60%","249","0.59%","0%","13","1","7.39%","0.57%","$1,368.85","$106.45","6","1"
"B003XAAEIM","B003XAAEIM","DSC BV-500GB - Ceiling Mount Motion and Glassbreak Sensor","DBV500GB","32","0.11%","43","0.10%","84%","1","1","3.13%","3.13%","$42.50","$42.50","1","1"
"B0041WYBGC","B0041WYBGC","Fire-Lite FM998 - Flush Wall Mounted Electromagnetic Door Holder","NFM998","6","0.02%","6","0.01%","0%","2","2","33.33%","33.33%","$137.90","$137.90","1","1"
"B0041X15KG","B0041X15KG","Bosch D7044M Multiplex Mini Single-Input Module","BD7044M","33","0.11%","48","0.11%","0%","15","3","45.45%","9.09%","$461.46","$94.32","8","1"
"B004HMZXAE","B004HMZXAE","TYCO SAFETY PRODUCTS DSC SS102 Seismic Vibration Sensor+ w/LED","DSS102","48","0.16%","63","0.15%","0%","1","1","2.08%","2.08%","$29.48","$29.48","1","1"
"B004HN3ETK","B004HN3ETK","Edwards SIGA-ST- Detector Service Kit","ESIGA-ST","30","0.10%","42","0.10%","0%","3","1","10.00%","3.33%","$95.32","$29.95","3","1"
"B007888WUC","B007888WUC","EDWARDS GS 517TCB SMOKE DETECTOR 120 VOLTS BATTERY RELAY","E517TCB","29","0.10%","37","0.09%","0%","5","1","17.24%","3.45%","$493.91","$95.95","4","1"
"B00FD06LMI","B00FD06LMI","Edwards RA-ENC1 - Single Unit Remote Annunciator Enclosure","ERAENC1","6","0.02%","10","0.02%","90%","1","1","16.67%","16.67%","$60.34","$60.34","1","1"
"B00GPO1AR2","B00GPO1AR2","Edwards Signaling 116EX-C Ceiling/Wall Box","E-116EXC","19","0.06%","24","0.06%","0%","1","1","5.26%","5.26%","$211.23","$211.23","1","1"
"B00HWX9WGQ","B00HWX9WGQ","Bosch FPP-RNAC-8A-4C REMOTE NAC POWER SUPPLY","LV-5VPR-FYW1","8","0.03%","11","0.03%","64%","2","2","25.00%","25.00%","$785.90","$785.90","1","1"
"B00LMK4878","B00LMK4878","Simplex 4906-9101 Truealert Multi-Candela Wall Mount Strobe (V/O)","3G-N0M1-KT8S","539","1.84%","793","1.89%","58%","39","1","7.24%","0.19%","$2,129.02","$52.50","19","1"
"B00LNLPGO0","B00LNLPGO0","Siemens FPT-11 500-095918 Fire Alarm Intelligent Thermal Heat Detector Sensor","SFPT11","41","0.14%","48","0.11%","67%","4","4","9.76%","9.76%","$800.00","$800.00","1","1"
"B00NERNRGK","B00NERNRGK","Simplex 2098-9806 Remote Fire Alarm Indicator Test Station LED","S2098-9806","112","0.38%","141","0.34%","18%","8","8","7.14%","7.14%","$130.64","$130.64","1","1"
"B00QUE7CZG","B00QUE7CZG","Digital Security Controls Lc-104-Pimw-W Security System Parts And Accessories","D104PINW","70","0.24%","96","0.23%","0%","11","4","15.71%","5.71%","$324.24","$118.80","6","1"
"B00VSQI9RQ","B00VSQI9RQ","SIGA-278 Dual Action Pull Station","ESIGA-278","46","0.16%","60","0.14%","45%","7","5","15.22%","10.87%","$384.70","$272.45","3","1"
"B00VVGCXMK","B00VVGCXMK","Simplex 2081-9272 Rechargeable Battery 10AH 12V 20HR First Power","S20819272","10","0.03%","14","0.03%","0%","9","2","90.00%","20.00%","$326.57","$70.58","5","1"
"B015NE7NC0","B015NE7NC0","System Sensor P2RHK - Horn-Strobe Hi-Candela Weatherproof","SP2RHK","53","0.18%","60","0.14%","82%","2","1","3.77%","1.89%","$139.98","$67.95","2","1"
"B015X1QRAM","B015X1QRAM","Edwards SIGA-MM1 - Monitor Module","ESIGA-MM1","27","0.09%","35","0.08%","86%","11","1","40.74%","3.70%","$464.30","$41.68","5","1"
"B019BRH9BA","B019BRH9BA","Simplex 4090-9007 -4008 ADDRESSABLE SIGNAL ZAM","IT-0H2J-JW18","7","0.02%","10","0.02%","50%","5","5","71.43%","71.43%","$415.75","$415.75","1","1"
"B019MBYEOU","B019MBYEOU","SIMPLEX 4099-9005 Pull Station, Break Glass","S4099-9005","221","0.75%","316","0.75%","85%","10","10","4.52%","4.52%","$684.30","$684.30","1","1"
"B019MBYFOE","B019MBYFOE","SIMPLEX 4099-9006 Double Action, Push Pull Down Station","S4099-9006","199","0.68%","285","0.68%","4%","2","2","1.01%","1.01%","$118.96","$118.96","1","1"
"B019MBYK1W","B019MBYK1W","SIMPLEX 4903-9426 A/V 75 CD RED, STD Non-Addressable","S4903-9426","51","0.17%","60","0.14%","83%","4","1","7.84%","1.96%","$363.80","$90.95","2","1"
"B019MBZ6WO","B019MBZ6WO","Simplex 2190-9161 Mpx Sig Zam Class B Surf","S2190-9161","116","0.40%","130","0.31%","98%","2","2","1.72%","1.72%","$198.26","$198.26","1","1"
"B019MC0GAK","B019MC0GAK","Simplex 4098-9615 SSD Heat Detector 200 RoR","S4098-9615","81","0.28%","109","0.26%","94%","5","5","6.17%","6.17%","$161.75","$161.75","1","1"
"B01A7ECFVU","B01A7ECFVU","Edwards SIGA-CC1- Single Input Signal Module","ESIGACC1","10","0.03%","13","0.03%","85%","1","1","10.00%","10.00%","$57.65","$57.65","1","1"
"B01AKOY4FM","B01AKOY4FM","System Sensor WFD60N 6"" waterflow detector","SWFD60N","8","0.03%","14","0.03%","0%","1","1","12.50%","12.50%","$129.41","$129.41","1","1"
"B01BL4PNUU","B01BL4PNUU","SIMPLEX 4009-9807 NAC OPTION CARD","S4009-9807","16","0.05%","24","0.06%","62%","2","1","12.50%","6.25%","$393.04","$197.80","2","1"
"B01BL4PRGU","B01BL4PRGU","Edwards GSA-CR - Control Relay Module","MGSA-CR","8","0.03%","15","0.04%","0%","2","1","25.00%","12.50%","$114.12","$57.06","2","1"
"B01BL4PS4G","B01BL4PS4G","Edwards GSA-CT1- Single Input Module","EGSA-CT1","28","0.10%","55","0.13%","91%","9","4","32.14%","14.29%","$443.61","$192.92","4","1"
"B01BL4PS5K","B01BL4PS5K","SIMPLEX 4906-9130 - A/V M/C Non-Addresable Ceeling MT (WHITE)","S4906-9130","25","0.09%","32","0.08%","50%","5","1","20.00%","4.00%","$463.76","$86.95","3","1"
"B01BL4PZ4E","B01BL4PZ4E","Edwards SIGA-CR Control Relay Module","ESIGA-CR","249","0.85%","351","0.84%","0%","1","1","0.40%","0.40%","$52.95","$52.95","1","1"
"B01BL4Q0RA","B01BL4Q0RA","Edwards SIGA-HFS - Intelligent Heat Detector Fixed Temp 135F","ESIGA-HFS","43","0.15%","55","0.13%","76%","4","4","9.30%","9.30%","$172.00","$172.00","1","1"
"B01BL4Q3OA","B01BL4Q3OA","Notifier NBG-12 Manual Pull Station W/ Key Lock","NNBG-12","403","1.38%","599","1.43%","87%","36","1","8.93%","0.25%","$1,219.95","$32.95","14","1"
"B01BL4Q6GU","B01BL4Q6GU","Notifier SB-10 - Surface- Mount Back Box for Pull Stations","NSB-10","64","0.22%","85","0.20%","84%","5","5","7.81%","7.81%","$93.05","$93.05","1","1"
"B01C4Q7VAE","B01C4Q7VAE","Edwards SIGA-270 Manual Pull Station Single Action","ESIGA-270","121","0.41%","162","0.39%","12%","9","3","7.44%","2.48%","$490.50","$163.50","2","1"
"B01CPT2ZWO","B01CPT2ZWO","SIMPLEX 4009-9201 NAC EXTENDER","S4009-9201","56","0.19%","79","0.19%","0%","2","1","3.57%","1.79%","$1,908.82","$954.41","2","1"
"B01EB5IQ7I","B01EB5IQ7I","Edwards 3-LCD Display","E3-LCD","9","0.03%","13","0.03%","77%","4","4","44.44%","44.44%","$843.80","$843.80","1","1"
"B01EFQDZL0","B01EFQDZL0","DSC Security Alarm System - HSM2108 PowerSeries Neo 8 Hardwire Zone Expander","DHSM2108","115","0.39%","158","0.38%","61%","28","1","24.35%","0.87%","$675.36","$24.47","12","1"
"B01EZ8V7YA","B01EZ8V7YA","SIMPLEX 4098-9613 - Fixed Temperature 135F Heat Detector","S4098-9613","24","0.08%","31","0.07%","74%","5","2","20.83%","8.33%","$146.03","$60.80","2","1"
"B01EZ8VAME","B01EZ8VAME","SIMPLEX 4098-9686 - True Alarm Duct Smoke Detector Housing","S4098-9686","40","0.14%","47","0.11%","55%","4","1","10.00%","2.50%","$746.46","$181.18","3","1"
"B01EZ8VE3E","B01EZ8VE3E","SIMPLEX 49WPBB-AVVOWR - Back Box AV or VO Wall (RED)","S49WPBB-AVVOWR","32","0.11%","41","0.10%","76%","8","2","25.00%","6.25%","$175.60","$43.90","2","1"
"B01EZ8VGWI","B01EZ8VGWI","SIMPLEX 4902-9721 - Speaker 25V/70 VRMS , Celing True Alert (WHITE)","S4902-9721","21","0.07%","28","0.07%","68%","7","2","33.33%","9.52%","$305.81","$91.06","3","1"
"B01F4EW8N8","B01F4EW8N8","SIMPLEX 4906-9105 - V/O Weather Proof, M-C True-Alert ,Red Wall MT","S4906-9105","10","0.03%","21","0.05%","33%","3","3","30.00%","30.00%","$236.82","$236.82","1","1"
"B01FL8T4QQ","B01FL8T4QQ","Gamewell ATD-RL2F- ADDRESSABLE THERMAL SENSOR","GATD-RL2F","35","0.12%","44","0.10%","80%","6","1","17.14%","2.86%","$410.97","$67.50","4","1"
"B01FL8T5PG","B01FL8T5PG","Notifier NOT-BG12LX - Addressable Pull Station","NNOT-BG12LX","117","0.40%","180","0.43%","12%","6","6","5.13%","5.13%","$556.68","$556.68","1","1"
"B01FL8T9JS","B01FL8T9JS","System Sensor B501 - Intelligent Detector Base","NB501","57","0.19%","78","0.19%","63%","1","1","1.75%","1.75%","$17.50","$17.50","1","1"
"B01FL8TEC0","B01FL8TEC0","Notifier XP10-M - Ten Circuit Transponder Monitor Module","NXP10-M","14","0.05%","18","0.04%","0%","1","1","7.14%","7.14%","$470.59","$470.59","1","1"
"B01H67O3Z2","B01H67O3Z2","SIMPLEX 4098-9685 - Duct Sensor Housing 2-Wire","S4098-9685","12","0.04%","16","0.04%","88%","7","1","58.33%","8.33%","$966.67","$129.41","4","1"
"B01H7L3FQU","B01H7L3FQU","SIMPLEX 4905-9815 - Smart Sync Adaptor","S4905-9815","4","0.01%","5","0.01%","80%","1","1","25.00%","25.00%","$116.55","$116.55","1","1"
"B01JNOU378","B01JNOU378","Edwards G1RF-VM - Multi-CD RED Strobe, With Fire Markings","G1RF-VM","39","0.13%","51","0.12%","84%","13","2","33.33%","5.13%","$381.08","$55.90","5","1"
"B01LFPCI94","B01LFPCI94","Siemens HMS-S - Addressable Single Action Pull Station","SHMS-S","35","0.12%","40","0.10%","88%","1","1","2.86%","2.86%","$105.88","$105.88","1","1"
"B01LFVMUCS","B01LFVMUCS","Siemens HTRI-S - Single Input Module","SHTRIS","20","0.07%","28","0.07%","18%","6","4","30.00%","20.00%","$541.74","$352.92","2","1"
"B01LFW0JAW","B01LFW0JAW","Siemens HTRI-M - Single Interface Module (2 Wires)","SHTRIM","17","0.06%","37","0.09%","78%","5","4","29.41%","23.53%","$239.18","$188.24","2","1"
"B01LXTSF8A","B01LXTSF8A","SIEMENS DB-11 Fire Alarm Low Profile Surface Mount Detector Base for The Series 11","SDB11","22","0.08%","29","0.07%","52%","4","2","18.18%","9.09%","$71.41","$34.58","3","1"
"B01LZX8DOY","B01LZX8DOY","Thermotech 302-EPM-194- Heat Detector, Coverage 1600 Sq. Ft.","E302EPM194","76","0.26%","104","0.25%","77%","5","1","6.58%","1.32%","$294.75","$58.95","2","1"
"B01M1H109V","B01M1H109V","SIMPLEX 2975-9206 - 6 GANG SURF BOX, 2-3/4 IN DEEP","S2975-9206","22","0.08%","24","0.06%","92%","3","2","13.64%","9.09%","$177.46","$115.00","2","1"
"B01M29C9HA","B01M29C9HA","Simplex 4098-9682- 4-WIRE SENSOR BASE","S4098-9682","23","0.08%","27","0.06%","93%","3","3","13.04%","13.04%","$307.38","$307.38","1","1"
"B01M5FYTPX","B01M5FYTPX","SIMPLEX 49AV-WRFO - Addressable A/V M-C Weatherproof, Wall Mt W/Fire Markings (RED)","S49AVWRFO","22","0.08%","34","0.08%","74%","13","2","59.09%","9.09%","$1,376.60","$199.90","5","1"
"B01MQIM3JJ","B01MQIM3JJ","Edwards GCF-VM - Ceiling Strobe 15-95 MULTI-CD, W/ Fire Marking","EGCFVM","17","0.06%","27","0.06%","78%","6","1","35.29%","5.88%","$192.30","$29.95","2","1"
"B01MRLHJQH","B01MRLHJQH","SIMPLEX 4606-9102 - Remote Annunciator for 4010ES FACP","S46069102","24","0.08%","37","0.09%","76%","1","1","4.17%","4.17%","$465.76","$465.76","1","1"
"B01MXMB110","B01MXMB110","Simplex 4905-9938 - Smart Sync Control Module","S49059938","11","0.04%","16","0.04%","56%","2","1","18.18%","9.09%","$113.70","$56.52","2","1"
"B01N1GYH6E","B01N1GYH6E","Edwards SIGA-AB4G- Sounder Base","ESIGAAB4G","31","0.11%","54","0.13%","35%","6","4","19.35%","12.90%","$269.77","$180.36","3","1"
"B01N2JPAET","B01N2JPAET","Edwards IO64RD - Fire Alarm Control Panel, RED W/ Dialer Modem","EIO64RD","48","0.16%","56","0.13%","84%","6","1","12.50%","2.08%","$3,778.08","$586.66","3","1"
"B01N7KN3E9","B01N7KN3E9","EDWARDS GCHFWF-S7VMC Genesis HIGH Fidelity Ceiling Speaker-Strobe, White, FIRE Marking, 70V, Visual Multi-Candela, Clear","EGCHFWFS7VMC","49","0.17%","59","0.14%","86%","1","1","2.04%","2.04%","$58.95","$58.95","1","1"
"B06VT8CZTV","B06VT8CZTV","EDWARDS SIGNALING 105BX ADAPTABEACON MOUNTING Outlet Box D551631","E105BX","4","0.01%","6","0.01%","100%","2","2","50.00%","50.00%","$70.42","$70.42","1","1"
"B06ZXY8SB7","B06ZXY8SB7","Simplex 2099-9139 - Weatherproof Manual Pull Station","S20999139","68","0.23%","85","0.20%","80%","4","1","5.88%","1.47%","$230.60","$57.65","2","1"
"B0711DPBX3","B0711DPBX3","Edwards 757-1A-T Temporal Horn Self-Synchronized 24V, Red","E7571AT","17","0.06%","28","0.07%","71%","2","1","11.76%","5.88%","$57.70","$29.07","2","1"
"B071ZZY9RM","B071ZZY9RM","Edwards 757-7A-SS25 - 15/75 Candela Speaker/Strobe","E7577ASS25","11","0.04%","13","0.03%","62%","1","1","9.09%","9.09%","$69.95","$69.95","1","1"
"B073X47SSZ","B073X47SSZ","Gamewell MS-7ASF - Manual Addressable Fire Alarm Pull Station","GMS7ASF","29","0.10%","37","0.09%","95%","3","1","10.34%","3.45%","$290.07","$96.79","3","1"
"B074FFK38L","B074FFK38L","Edwards IO1000RD- Four Loop System 110V W/Dialer (RED Door)","EIO1000RD","13","0.04%","21","0.05%","76%","1","1","7.69%","7.69%","$741.40","$741.40","1","1"
"B076DL54VP","B076DL54VP","SIMPLEX 4904-9174 Strobe 30 CD Vertical MT, Red","S49049174","23","0.08%","38","0.09%","95%","2","2","8.70%","8.70%","$125.90","$125.90","1","1"
"B076DLSMMX","B076DLSMMX","SIMPLEX 4903-9254 Horn Strobe 110 CD Horizontal, Red","S490392554","63","0.22%","83","0.20%","95%","3","1","4.76%","1.59%","$375.52","$119.88","3","1"
"B076DNT375","B076DNT375","Simplex 4098-9796- Multi-Sensor Base W/Led","S40989796","31","0.11%","35","0.08%","91%","1","1","3.23%","3.23%","$55.07","$55.07","1","1"
"B076DQJXY7","B076DQJXY7","Simplex 4903-9253- Horn/Strobe 30CD Horizontal Mt (RED)","S49039253","41","0.14%","52","0.12%","69%","5","5","12.20%","12.20%","$549.75","$549.75","1","1"
"B076DVSCXB","B076DVSCXB","Simplex 4905-9914 -Synchronized Module (CLASS B, STYLE Y)","S49059914","5","0.02%","8","0.02%","38%","1","1","20.00%","20.00%","$39.88","$39.88","1","1"
"B0778XKXYT","B0778XKXYT","Notifier SB-I/O- Indoor/Outdoor Backbox for NBG-12 Series","NSBIO","35","0.12%","41","0.10%","80%","15","5","42.86%","14.29%","$255.90","$85.30","2","1"
"B0778YRBTS","B0778YRBTS","Notifier ABF-1DB- Annunciator Flush Box","NABF1DB","16","0.05%","33","0.08%","61%","3","3","18.75%","18.75%","$371.85","$371.85","1","1"
"B077JJMF1X","B077JJMF1X","Edwards G4HFRF-S7VMC -Wall Speaker-Strobe 70V Multi-Candela, Red","EG4HFRFS7VMC","8","0.03%","12","0.03%","67%","1","1","12.50%","12.50%","$58.95","$58.95","1","1"
"B0786TX5WW","B0786TX5WW","Simplex 565-453 - Replacement Board Signature Card 6 Zone B","S565453","14","0.05%","16","0.04%","62%","1","1","7.14%","7.14%","$143.95","$143.95","1","1"
"B07B52QY9V","B07B52QY9V","Edwards 33-30755A - Spare Dust Filter for ASD-160H, ASD-320","E3330755A","13","0.04%","23","0.05%","61%","21","8","161.54%","61.54%","$497.27","$188.00","3","1"
"B07B557NHD","B07B557NHD","Edwards 302-194 Rate Compensation Heat Detector 194°F","E302194","17","0.06%","27","0.06%","81%","6","5","35.29%","29.41%","$134.64","$112.10","2","1"
"B07B5DQFVF","B07B5DQFVF","Simplex 4901-9822 - 24VDC Horn (RED)","S49019822","30","0.10%","37","0.09%","92%","12","10","40.00%","33.33%","$724.50","$599.50","3","1"
"B07B5PPCHQ","B07B5PPCHQ","Edwards 757-3A-RS70 - Wall Mt Speaker/Strobe 30CD 70V, Red","E7573ARS70","8","0.03%","9","0.02%","78%","1","1","12.50%","12.50%","$94.95","$94.95","1","1"
"B07B62YJSF","B07B62YJSF","Edwards 757-8A-TW Temporal Horn/Strobe 110CD, White","E7578ATW","7","0.02%","8","0.02%","75%","2","1","28.57%","14.29%","$159.78","$77.19","2","1"
"B07B68843G","B07B68843G","Notifier B110LP- 2-Wire Low Profile Base (Flanged)","NB110LP","9","0.03%","11","0.03%","91%","16","10","177.78%","111.11%","$314.40","$196.50","2","1"
"B07B68911T","B07B68911T","Edwards SD-MAG SuperDuct Test Magnet","ESDMAG","14","0.05%","19","0.05%","0%","2","1","14.29%","7.14%","$21.98","$11.14","2","1"
"B07B6TZFSH","B07B6TZFSH","Notifier NBG-12LO Dual Action Pull Station for Outdoor Use, Red","NNBG12LO","61","0.21%","81","0.19%","74%","17","3","27.87%","4.92%","$1,515.35","$251.85","3","1"
"B07BFMDRKK","B07BFMDRKK","Edwards G1-P Horn Steady Tone 24V, White","EG1P","8","0.03%","10","0.02%","80%","6","6","75.00%","75.00%","$102.54","$102.54","1","1"
"B07BRCX5MJ","B07BRCX5MJ","Edwards SIGA-AB4G-LF - Audible Sounder Base Low Frequency (520HZ)","ESIGAAB4GLF","16","0.05%","21","0.05%","67%","2","2","12.50%","12.50%","$150.76","$150.76","1","1"
"B07DLBQC4B","B07DLBQC4B","Lenel LNL-1300-S3 - Single Reader Interface Module Series 3","L1300S3","38","0.13%","52","0.12%","0%","1","1","2.63%","2.63%","$343.73","$343.73","1","1"
"B07DM383HW","B07DM383HW","Simplex 4098-9795 - Dual Address Sounder Base for Multi Sensor 4098-9754","S40989795","29","0.10%","32","0.08%","78%","8","3","27.59%","10.34%","$495.60","$185.85","2","1"
"B07DM4SK2J","B07DM4SK2J","Simplex 4906-9108 - Multi Candela Strobe with Amber Lens","S49069108","17","0.06%","20","0.05%","0%","1","1","5.88%","5.88%","$49.95","$49.95","1","1"
"B07DP63CZK","B07DP63CZK","EDWARDS B4U Smoke Detector Base, Intelligent/ADDRESSABLE, 6"""" Diameter, Requires Smoke Head","EB4U","16","0.05%","21","0.05%","100%","5","5","31.25%","31.25%","$76.95","$76.95","1","1"
"B07DRPHTQM","B07DRPHTQM","Edwards EOL-47 - End Of Line Resistor 47K","EEOL47","68","0.23%","100","0.24%","0%","2","1","2.94%","1.47%","$35.24","$16.76","2","1"
"B07F181MN5","B07F181MN5","Edwards GCF-S7VMH - Genesis Ceiling Speaker-Strobe","EGCFS7VMH","3","0.01%","4","0.01%","0%","1","1","33.33%","33.33%","$59.48","$59.48","1","1"
"B07FXX2RVQ","B07FXX2RVQ","Simplex 49VO-WRFO - Weatherproof Addressable Strobe Wall Mounted","S49VOWRFO","23","0.08%","25","0.06%","72%","1","1","4.35%","4.35%","$98.95","$98.95","1","1"
"B07GBJ73TK","B07GBJ73TK","System Sensor CHRL - Wall Mountable Chime - L-Series","SCHRL","37","0.13%","53","0.13%","96%","3","1","8.11%","2.70%","$59.27","$20.69","3","1"
"B07GNVB32Z","B07GNVB32Z","Simplex 2081-9028 - Isolated Loop Circuit Surge Protector","S20819028","9","0.03%","13","0.03%","38%","4","4","44.44%","44.44%","$281.88","$281.88","1","1"
"B07GWZF7HZ","B07GWZF7HZ","Edwards GC-VMH - Ceiling Mounted Multi-Candela Fire Alarm Strobe","EGCVMH","20","0.07%","23","0.05%","91%","2","2","10.00%","10.00%","$71.90","$71.90","1","1"
"B07J1XCN9C","B07J1XCN9C","Siemens OH921 Multi-Criteria Intelligent Fire Detector","SOH921","10","0.03%","12","0.03%","0%","4","4","40.00%","40.00%","$197.64","$197.64","1","1"
"B07JMTMMT2","B07JMTMMT2","Notifier SFP-5UD - 5 Zone Conventional Fire Control Panel","NSFP5UD","29","0.10%","39","0.09%","74%","1","1","3.45%","3.45%","$727.95","$727.95","1","1"
"B07JN4MVM1","B07JN4MVM1","Gamewell FCI ASD-PTL2F - Addressable Photo Thermal Detector","GASDPTL2F","32","0.11%","40","0.10%","58%","11","2","34.38%","6.25%","$986.89","$179.58","6","1"
"B07JND8PD3","B07JND8PD3","Potter PS15-2 - Supervisory Pressure Switch","PPS152","3","0.01%","5","0.01%","80%","1","1","33.33%","33.33%","$117.95","$117.95","1","1"
"B07JNRQ6S6","B07JNRQ6S6","Gamewell AMM-2F Class B Addressable Monitor Module","GAMM2F","20","0.07%","24","0.06%","92%","21","2","105.00%","10.00%","$1,366.55","$132.62","6","1"
"B07JXCLMFB","B07JXCLMFB","Gamewell FCI MS-7S - Manual Fire Alarm Pull Station","GMS7S","175","0.60%","256","0.61%","87%","43","1","24.57%","0.57%","$1,339.74","$28.95","13","1"
"B07JZDZ49S","B07JZDZ49S","Simplex 4098-9792E - Standard Sensor Base E","S40989792E","48","0.16%","63","0.15%","68%","8","5","16.67%","10.42%","$317.35","$203.50","3","1"
"B07JZFHN83","B07JZFHN83","Simplex 4010-9806 - NAC Class A Adapter","S40109806","4","0.01%","23","0.05%","0%","1","1","25.00%","25.00%","$77.65","$77.65","1","1"
"B07K8T5QWG","B07K8T5QWG","Simplex 49VO-WRF - TrueAlert Visible Only Addressable Wall Mount Strobe","S49VOWRF","17","0.06%","21","0.05%","81%","2","2","11.76%","11.76%","$163.90","$163.90","1","1"
"B07L8JPVBX","B07L8JPVBX","Vesda VSP-962 - Vesda E Filter","VVSP962","6","0.02%","9","0.02%","78%","3","3","50.00%","50.00%","$284.85","$284.85","1","1"
"B07L8JT6W2","B07L8JT6W2","Bosch D7052 - Multiplex Dual Input Module","BD7052","19","0.06%","27","0.06%","52%","5","2","26.32%","10.53%","$222.08","$87.90","3","1"
"B07L8P988C","B07L8P988C","Lenel LNL-1100-S3 - Series 3 Security Alarm Input Control Module Board","LLNL1100S3","26","0.09%","39","0.09%","0%","1","1","3.85%","3.85%","$676.95","$676.95","1","1"
"B07LH5BFRX","B07LH5BFRX","Bosch D192G - Notification Appliance Circuit Module","BD192G","2","0.01%","2","0.00%","0%","1","1","50.00%","50.00%","$81.07","$81.07","1","1"
"B07LH6FQM3","B07LH6FQM3","Simplex 2081-9027 - Isolated Loop Circuit Protector","S20819027","12","0.04%","16","0.04%","81%","2","2","16.67%","16.67%","$83.90","$83.90","1","1"
"B07MG58YTV","B07MG58YTV","Notifier FST-951R-IV Rate-of-Rise Temperature Thermal Sensor Head - White","NFST951RIV","3","0.01%","3","0.01%","0%","1","1","33.33%","33.33%","$48.95","$48.95","1","1"
"B07MG5MRV2","B07MG5MRV2","Notifier FST-951-IV - Fixed Temperature Thermal Sensor Head - Ivory","NFST951IV","15","0.05%","19","0.05%","0%","5","5","33.33%","33.33%","$263.70","$263.70","1","1"
"B07MK3S5NM","B07MK3S5NM","Notifier FSP-951T - Photoelectric Sensor Head with Thermal - White","NFSP951T","11","0.04%","19","0.05%","0%","1","1","9.09%","9.09%","$66.87","$66.87","1","1"
"B07MZC1Q8X","B07MZC1Q8X","Simplex 4906-9112 - Ceiling Mounted Multi-Candela Strobe, White","S49069112","7","0.02%","9","0.02%","0%","3","2","42.86%","28.57%","$270.15","$180.10","2","1"
"B07PDTT698","B07PDTT698","Kidde KI-SB4 Standard Detector Base 4"" TS4 Skirt Smoke Fire Alarm","KKISB4","101","0.34%","134","0.32%","95%","3","1","2.97%","0.99%","$53.06","$18.88","2","1"
"B07PFLSHDL","B07PFLSHDL","Gamewell MS-7 Fire Alarm Dual Action Manual Pull Station Fire Alarm","GMS7","2","0.01%","2","0.00%","0%","4","4","200.00%","200.00%","$140.68","$140.68","1","1"
"B07PGBVCDR","B07PGBVCDR","ZR-MC-CR Multi Candela Horn Strobe, Red","SZRMCCR","3","0.01%","3","0.01%","100%","2","1","66.67%","33.33%","$110.58","$55.29","2","1"
"B07PJ1TCWY","B07PJ1TCWY","Edwards 730 Dixie Buzabel Bell Buzzer Fire Alarm","E730","20","0.07%","31","0.07%","77%","6","2","30.00%","10.00%","$146.76","$47.04","2","1"
"B07PJLJP1N","B07PJLJP1N","DSC RF5132-433 Wireless Receiver For Power Series Alarm Security Control Panel","DRF5132433","134","0.46%","205","0.49%","66%","23","1","17.16%","0.75%","$525.16","$23.54","15","1"
"B07PJWQ2W3","B07PJWQ2W3","Simplex DH24120SPC Door Holder Surface Mount Chrm Fire Alarm","SDH24120SPC","67","0.23%","79","0.19%","85%","2","1","2.99%","1.49%","$183.52","$91.76","2","1"
"B07PM8JYH3","B07PM8JYH3","Simplex 4904-9178 V/O Wall Mount Strobe Fire Alarm (Red)","S49049178","74","0.25%","90","0.21%","89%","2","2","2.70%","2.70%","$127.04","$127.04","1","1"
"B07S4CR54L","B07S4CR54L","Edwards EOL-47PK7 UL - End of Line Resistor System Accessory S3424 (7-Pack)","EEOL47PK7","22","0.08%","28","0.07%","89%","2","1","9.09%","4.55%","$84.83","$41.18","2","1"
"B07SH1HWN1","B07SH1HWN1","SIEMENS DB-3S Low Profile Smoke Detector Mounting Base Fire Alarm Parts","SDB3S","16","0.05%","34","0.08%","91%","1","1","6.25%","6.25%","$17.94","$17.94","1","1"
"B07SKB19JR","B07SKB19JR","Simplex 1603-9806 Print Ribbon Cartridge for 1603 Model time Clocks - Purple","S16039806","3","0.01%","4","0.01%","75%","5","1","166.67%","33.33%","$89.10","$17.82","2","1"
"B07SSJH8T5","B07SSJH8T5","Notifier ACM-48A Annunciator Expander Module","NACM48A","3","0.01%","8","0.02%","62%","1","1","33.33%","33.33%","$417.72","$417.72","1","1"
"B07SYPK98R","B07SYPK98R","Notifier CHS-2D Mounting Chassis for Fire Alarm Annunciator","NCHS2D","9","0.03%","12","0.03%","67%","1","1","11.11%","11.11%","$33.78","$33.78","1","1"
"B07T25MKRY","B07T25MKRY","Protectorwire PHSC-190-XCR Linear Heat Detector Pack- 500 FT","PPHSC190XCR","4","0.01%","4","0.01%","75%","1","1","25.00%","25.00%","$1,289.70","$1,289.70","1","1"
"B07T3PZ3VF","B07T3PZ3VF","Gamewell FCI MS95-SL XP95 Addressable Single Action Pull Station with Key, Red","GMS95SL","53","0.18%","69","0.16%","84%","4","2","7.55%","3.77%","$414.64","$207.32","2","1"
"B07T7WKDCR","B07T7WKDCR","Simplex 2099-9800 Wire Pull Station Guard, Red","S20999800","60","0.20%","89","0.21%","97%","10","3","16.67%","5.00%","$476.78","$139.41","4","1"
"B07T7ZTQCG","B07T7ZTQCG","Simplex 2975-9461 Surface Box, Red","S29759461","6","0.02%","7","0.02%","71%","1","1","16.67%","16.67%","$80.59","$80.59","1","1"
"B07TDC512Z","B07TDC512Z","Notifier AEM-48A Annunciator Expander Module-48A","NAEM48A","5","0.02%","5","0.01%","80%","1","1","20.00%","20.00%","$369.33","$369.33","1","1"
"B07V8P27PR","B07V8P27PR","Notifier ACPS 610E Addressable Charger Power Supply","NACPS610E","6","0.02%","10","0.02%","100%","2","2","33.33%","33.33%","$2,044.70","$2,044.70","1","1"
"B07W62G754","B07W62G754","Siemens DPU-C1 Carrying Case","SDPUC1","12","0.04%","15","0.04%","47%","1","1","8.33%","8.33%","$135.26","$135.26","1","1"
"B07XQKN8XD","B07XQKN8XD","Edwards 279B-1110 Fire Alarm Pull Station (Dual Action)","E279B110","187","0.64%","279","0.67%","88%","13","1","6.95%","0.53%","$233.53","$17.23","11","1"
"B003CHNAK0","B003CHNAK0","DSC BV-300DP - Digital Bravo 300 PIR Motion Detector","DBV300DP","10","0.03%","11","0.03%","0%","1","0","10.00%","0.00%","$20.21","$0.00","1","0"
"B003S1TQ7Q","B003S1TQ7Q","Tyco Keypad Access Device PK5501","DPK5501","101","0.34%","169","0.40%","0%","11","0","10.89%","0.00%","$436.45","$0.00","6","0"
"B003S1TRHU","B003S1TRHU","Digital Security Controls PC5208 POWERSERIES 8 LOW VOLTAGE OUTPUT MODULE","DPC5208","31","0.11%","42","0.10%","55%","1","0","3.23%","0.00%","$25.88","$0.00","1","0"
"B0041X33N8","B0041X33N8","DETECTION SYSTEMS BOSCH D273TH 4 WIRE SMK DET W/HEAT DET","D273TH","8","0.03%","12","0.03%","58%","10","0","125.00%","0.00%","$389.50","$0.00","1","0"
"B0041X3AZ4","B0041X3AZ4","Bosch D9127U POPIT Module","BD9127U","118","0.40%","161","0.38%","0%","4","0","3.39%","0.00%","$81.88","$0.00","1","0"
"B004HN486S","B004HN486S","BOSCH SECURITY CCTV SYSTEMS D341P 1 D285DH(SMK PHOTO ELCT HD 1, D341","BD341","6","0.02%","6","0.01%","0%","1","0","16.67%","0.00%","$97.51","$0.00","1","0"
"B004HN4ZRK","B004HN4ZRK","DSC BV600 - Dual-Element Motion Detector - Pet-Immune","DBV600","42","0.14%","54","0.13%","0%","12","0","28.57%","0.00%","$312.68","$0.00","5","0"
"B004HN61VI","B004HN61VI","Edwards SIGA-LED- Fire Alarm Indicator (Remote LED)","ESIGA-LED","60","0.20%","98","0.23%","13%","3","0","5.00%","0.00%","$53.88","$0.00","1","0"
"B004HN9480","B004HN9480","Bosch D125B - Dual Class B Initiating Module","BD125B","5","0.02%","10","0.02%","0%","1","0","20.00%","0.00%","$44.17","$0.00","1","0"
"B004HNDAPS","B004HNDAPS","System Sensor SPRK - Outdoor Wall Mounted Speaker Red","SSPRK","6","0.02%","8","0.02%","0%","4","0","66.67%","0.00%","$253.24","$0.00","1","0"
"B004KNU486","B004KNU486","EDWARDS SIGNALING Horn Strobe, White","G1HDVM","51","0.17%","64","0.15%","95%","1","0","1.96%","0.00%","$36.95","$0.00","1","0"
"B005Y6IOMQ","B005Y6IOMQ","SYSTEM SENSOR 4WTA-B 4W, 12/24 VDC, THERM., SNDR, W/BASE","S4WTAB","29","0.10%","44","0.10%","5%","2","0","6.90%","0.00%","$109.48","$0.00","1","0"
"B006W3MHGY","B006W3MHGY","System Sensor 5151 - Fixed Rate Of Rise Heat Detector","S5151","44","0.15%","58","0.14%","97%","1","0","2.27%","0.00%","$31.19","$0.00","1","0"
"B006W3NRR2","B006W3NRR2","DSC TYCO PK5508 8 zone LED keypad for DSC PowerSeries control panels.","DPK5508","112","0.38%","160","0.38%","0%","1","0","0.89%","0.00%","$34.06","$0.00","1","0"
"B0078880RM","B0078880RM","Kidde EGCF-HDVM Ceiling Mounted Horn Strobe 15-95 Candela, White","EEGCFHDVM","5","0.02%","8","0.02%","0%","4","0","80.00%","0.00%","$186.96","$0.00","1","0"
"B00788AA66","B00788AA66","Edwards 277B-1110 Fire Alarm Manual Pull Station Non-Coded Single-Action","E277B1110","16","0.05%","20","0.05%","0%","3","0","18.75%","0.00%","$49.50","$0.00","1","0"
"B00788H9VK","B00788H9VK","SYSTEM SENSOR B210LP BASE 6"" FLANGED","NB210LP","17","0.06%","18","0.04%","0%","3","0","17.65%","0.00%","$48.72","$0.00","1","0"
"B007IAMK4O","B007IAMK4O","Edwards G1R-HDVM Horn Stobe 24VDC Red","FH-3BPW-15TD","470","1.60%","710","1.69%","94%","17","0","3.62%","0.00%","$657.27","$0.00","10","0"
"B007IAPH80","B007IAPH80","Edwards STI 1130- Stopper II with Horn for Surface Stations","ESTI1130","90","0.31%","114","0.27%","74%","14","0","15.56%","0.00%","$1,288.16","$0.00","3","0"
"B00B9Y2608","B00B9Y2608","Bosch D7053 -Multiplex Input-Output Module","BD7053","3","0.01%","4","0.01%","100%","2","0","66.67%","0.00%","$101.18","$0.00","1","0"
"B00EFZSFZS","B00EFZSFZS","Edwards SA-ETH - Ethernet Programming and Diagnostics Interface","ESAETH","18","0.06%","21","0.05%","0%","3","0","16.67%","0.00%","$1,152.81","$0.00","1","0"
"B00IPR1ZDQ","B00IPR1ZDQ","","VDE-L0R-46U","27","0.09%","34","0.08%","97%","4","0","14.81%","0.00%","$229.02","$0.00","2","0"
"B00KFPX67E","B00KFPX67E","SIMPLEX 2098-9808 24V WALL SS REMOTE LED ALARM INDICATOR","S2098-9808","12","0.04%","14","0.03%","50%","17","0","141.67%","0.00%","$303.45","$0.00","1","0"
"B00LMI3JZC","B00LMI3JZC","Gamewell-FCI MS-7AF Fire Alarm Dual Action Pull Station, Red","GMS7AF","120","0.41%","160","0.38%","7%","1","0","0.83%","0.00%","$104.23","$0.00","1","0"
"B00LWHAQQ8","B00LWHAQQ8","EST Edwards 965-1A-4RW Round Speaker, Ceiling Mount, White 70RMS, 4 Inch","E965-1A-4RW","28","0.10%","44","0.10%","34%","4","0","14.29%","0.00%","$133.24","$0.00","1","0"
"B00QUEGRH0","B00QUEGRH0","Digital Security Controls Ev-Dw4927ss Security System Parts And Accessories","DEVDW492755","153","0.52%","228","0.54%","0%","1","0","0.65%","0.00%","$33.75","$0.00","1","0"
"B013GW0VPC","B013GW0VPC","Simplex 4098-9755 Duct Sensor Housing","S4098-9755","65","0.22%","92","0.22%","17%","1","0","1.54%","0.00%","$156.80","$0.00","1","0"
"B013GWM84Y","B013GWM84Y","Simplex 4090-9116 Addressable IDNet Isolator","S4090-9116","8","0.03%","11","0.03%","18%","2","0","25.00%","0.00%","$93.86","$0.00","1","0"
"B014LDLFZA","B014LDLFZA","Edwards Signaling 27193-21 BOX SURFACE RED","E2719321","14","0.05%","18","0.04%","44%","2","0","14.29%","0.00%","$31.66","$0.00","1","0"
"B015NE6DSK","B015NE6DSK","","S5622","8","0.03%","10","0.02%","100%","1","0","12.50%","0.00%","$25.60","$0.00","1","0"
"B015X1JF3S","B015X1JF3S","EDWARDS SYSTEM TECHNOLOGY SIGA-MCR MODULE CONTROL RELAY *NEW IN A BOX*","ESIGA-MCR","24","0.08%","28","0.07%","96%","2","0","8.33%","0.00%","$108.06","$0.00","1","0"
"B018A2XXSK","B018A2XXSK","Notifier FSP-851 Intelligent Photoelectric Smoke Detector/Sensor Head","P4-1O2U-EV4L","12","0.04%","40","0.10%","25%","1","0","8.33%","0.00%","$64.84","$0.00","1","0"
"B019BRN8CY","B019BRN8CY","Simplex 4090-9008","2K-XBEW-OCHX","51","0.17%","69","0.16%","6%","2","0","3.92%","0.00%","$185.70","$0.00","1","0"
"B019MBY8Q4","B019MBY8Q4","SIMPLEX 4098-9791 TrueAlarm Sensor Base","S4098-9791","12","0.04%","18","0.04%","0%","1","0","8.33%","0.00%","$46.59","$0.00","1","0"
"B019MBY9UY","B019MBY9UY","SIMPLEX 4098-9830 Remote Led Alarm Indicator","S4098-9830","12","0.04%","14","0.03%","50%","1","0","8.33%","0.00%","$17.69","$0.00","1","0"
"B019MBYDP0","B019MBYDP0","SIMPLEX 4098-9858 Sampling Tube 97"", Plastic","S4098-9858","70","0.24%","84","0.20%","98%","12","0","17.14%","0.00%","$575.40","$0.00","1","0"
"B019MBZHF0","B019MBZHF0","Simplex 4098-9602 SSD Photo Detector W/Heat","S4098-9602","27","0.09%","32","0.08%","75%","3","0","11.11%","0.00%","$182.10","$0.00","1","0"
"B01BL4PQM0","B01BL4PQM0","SIMPLEX 4906-9102 - Strobe M/C Non-Addresable Ceeling MT (RED)","S4906-9102","157","0.54%","235","0.56%","91%","18","0","11.46%","0.00%","$1,037.06","$0.00","3","0"
"B01BL4PROC","B01BL4PROC","Tyco Simplex Grinnell 4906-9128 TrueAlert Multi-Candela Audible Visible Horn With Flash","S4906-9128","55","0.19%","67","0.16%","69%","18","0","32.73%","0.00%","$1,722.52","$0.00","4","0"
"B01BL4PSP0","B01BL4PSP0","SIMPLEX 4906-9151 - A/V M/C Non-Addresable Weather Proof","S4906-9151","13","0.04%","16","0.04%","25%","2","0","15.38%","0.00%","$155.90","$0.00","2","0"
"B01BL4PT8G","B01BL4PT8G","SIMPLEX 4906-9153 - S/V M/C Wall Mount (White)","S4906-9153","14","0.05%","17","0.04%","88%","3","0","21.43%","0.00%","$276.51","$0.00","2","0"
"B01BL4PXBE","B01BL4PXBE","Edwards SIGA-270P- Manual Pull Station","ESIGA-270P","15","0.05%","19","0.05%","100%","1","0","6.67%","0.00%","$74.62","$0.00","1","0"
"B01C4ZU5MG","B01C4ZU5MG","Vesda VSP-715 Replacement Aspirator","VVSP-715","8","0.03%","12","0.03%","67%","4","0","50.00%","0.00%","$1,695.80","$0.00","2","0"
"B01C53GIFA","B01C53GIFA","Bosch FMM-7045 - MULTIPLEX ADDRESSABLE PULL STATION","RH-IH8J-HP8I","156","0.53%","240","0.57%","99%","3","0","1.92%","0.00%","$184.59","$0.00","1","0"
"B01C6C3RZY","B01C6C3RZY","NOTIFIER CO FZM-1 FLASHSCAN ADDRESSABLE Devices , ADDRESSABLE 2-Wire Detector Monitor Module; with FLASHSCAN.","NFZM-1","15","0.05%","34","0.08%","50%","5","0","33.33%","0.00%","$439.75","$0.00","1","0"
"B01EB5ITB6","B01EB5ITB6","Edwards 6700-0061 Portable Phone","E67000061","7","0.02%","9","0.02%","78%","1","0","14.29%","0.00%","$88.71","$0.00","1","0"
"B01EB5IZ1U","B01EB5IZ1U","Edwards G1RF-CVM- M/C Red Temporal Chime-Strobe","EG1RF-CVM","11","0.04%","15","0.04%","40%","7","0","63.64%","0.00%","$546.42","$0.00","1","0"
"B01EB5J276","B01EB5J276","Edwards SIGA-IO Input/ Output Module","ESIGA-IO","13","0.04%","14","0.03%","64%","1","0","7.69%","0.00%","$77.43","$0.00","1","0"
"B01ETYXYH8","B01ETYXYH8","VESDA VLF-250 STANDARD VLF DETECTOR","V-VLF250","8","0.03%","26","0.06%","54%","1","0","12.50%","0.00%","$1,754.00","$0.00","1","0"
"B01EZ8V9RK","B01EZ8V9RK","SIMPLEX 2084-9001 Remote Phone Jack Type A","S2084-9001","21","0.07%","33","0.08%","94%","3","0","14.29%","0.00%","$67.02","$0.00","1","0"
"B01EZ8VAZ6","B01EZ8VAZ6","SIMPLEX 2099-9101 - Pull Station Single Action, 2 in/O","S2099-9101","34","0.12%","39","0.09%","74%","2","0","5.88%","0.00%","$123.40","$0.00","2","0"
"B01EZ8VFB0","B01EZ8VFB0","SIMPLEX 4901-9820 - Horn 24CDC , Walll True Alert (RED)","S4901-9820","66","0.23%","82","0.20%","85%","12","0","18.18%","0.00%","$411.60","$0.00","1","0"
"B01F4EW64E","B01F4EW64E","SIMPLEX 4906-9103 - V/O M-C True-Alert, White Wall Mt","S4906-9103","29","0.10%","34","0.08%","94%","3","0","10.34%","0.00%","$178.77","$0.00","2","0"
"B01FL8TA8S","B01FL8TA8S","Notifier FSB-200 - Projected Beam Smoke Sensor","NFSB200","27","0.09%","32","0.08%","72%","1","0","3.70%","0.00%","$982.21","$0.00","1","0"
"B01FL8TFB0","B01FL8TFB0","Notifier FCPS-24S8 - Power Supply for Fire Protection Signal Devices","NFCPS-24S8","75","0.26%","100","0.24%","86%","8","0","10.67%","0.00%","$4,017.36","$0.00","4","0"
"B01G2R956E","B01G2R956E","Est Edwards Bps6A Remote Booster Power Supply Panel, 6.5-Amp @ 120Vac:In","EBPS6A","41","0.14%","59","0.14%","85%","6","0","14.63%","0.00%","$2,246.54","$0.00","3","0"
"B01H66HEYU","B01H66HEYU","SIMPLEX 4906-9253 - WALL MOUNT RED SPEAKER/ STROBE","S4906-9253","12","0.04%","18","0.04%","100%","2","0","16.67%","0.00%","$211.56","$0.00","1","0"
"B01H66RG16","B01H66RG16","Simplex 4098-9793 SSD Sensor Base W/ Isolator","S4098-9793","30","0.10%","45","0.11%","58%","1","0","3.33%","0.00%","$64.01","$0.00","1","0"
"B01H7T61J0","B01H7T61J0","SIMPLEX 4098-9855 24"" INCH Sampling Tube Plastic, Black","S4098-9855","11","0.04%","16","0.04%","75%","30","0","272.73%","0.00%","$515.40","$0.00","1","0"
"B01LFVJY86","B01LFVJY86","Siemens TRI-S - Single Input Module","STRI-S","8","0.03%","11","0.03%","82%","1","0","12.50%","0.00%","$253.15","$0.00","1","0"
"B01LG0441S","B01LG0441S","SIMPLEX 4903-9148 - Speaker Strobe 30CD Horizontal (Red)","S49039148","172","0.59%","241","0.58%","86%","2","0","1.16%","0.00%","$231.14","$0.00","2","0"
"B01LR8SETW","B01LR8SETW","SIMPLEX 8740-802 - Power Supply Assembly (-6005)","S8740802","4","0.01%","6","0.01%","67%","1","0","25.00%","0.00%","$1,316.74","$0.00","1","0"
"B01LR8SH44","B01LR8SH44","SIMPLEX 4010-9818 - Wired Network Media Card","S40109818","5","0.02%","9","0.02%","22%","4","0","80.00%","0.00%","$564.24","$0.00","1","0"
"B01M5GG9R9","B01M5GG9R9","Edwards G1M-RM - Remote Mount Signal Master Module","EG1MRM","6","0.02%","6","0.01%","100%","3","0","50.00%","0.00%","$93.42","$0.00","1","0"
"B01M5GXHRQ","B01M5GXHRQ","Edwards GSA-SD -GSA SuperDuct Smoke Detector","EGSASD","26","0.09%","33","0.08%","70%","4","0","15.38%","0.00%","$599.80","$0.00","2","0"
"B01MXMBT4B","B01MXMBT4B","Simplex 562-812 - Power Charger Assembly","S565812","8","0.03%","8","0.02%","88%","1","0","12.50%","0.00%","$274.57","$0.00","1","0"
"B01N0LVPDQ","B01N0LVPDQ","SIMPLEX 49MTV-WRF - Horn Strobe Multi-Tone Wall MT With Fire Markings (Red)","S49MTVWRF","45","0.15%","57","0.14%","98%","1","0","2.22%","0.00%","$91.32","$0.00","1","0"
"B01N7CS91H","B01N7CS91H","Edwards EST SA-232 - Interface Card","ESA232","49","0.17%","74","0.18%","72%","6","0","12.24%","0.00%","$435.92","$0.00","5","0"
"B01N7KN3E9","B01N7KN3E9","EDWARDS GCHFWF-S7VMC Genesis HIGH Fidelity Ceiling Speaker-Strobe, White, FIRE Marking, 70V, Visual Multi-Candela, Clear","EGCHFWFS7VMCH","49","0.17%","59","0.14%","86%","13","0","26.53%","0.00%","$821.98","$0.00","3","0"
"B01N8Q4Z7I","B01N8Q4Z7I","SIMPLEX 4906-9204 - V/O Addressable Multi-Candela Ceiling MT (White)","S49069204","7","0.02%","8","0.02%","88%","7","0","100.00%","0.00%","$625.21","$0.00","2","0"
"B01N96111A","B01N96111A","Edwards 6833-4 - Fire Fighters Telephone Wall Plate","E68334","9","0.03%","10","0.02%","0%","2","0","22.22%","0.00%","$43.26","$0.00","1","0"
"B01NAE79H8","B01NAE79H8","EDWARDS 757-7A-TW - Temporal Horn/Strobe 15/75CD (WHITE)","E7577ATW","21","0.07%","26","0.06%","88%","4","0","19.05%","0.00%","$309.16","$0.00","1","0"
"B06VVG7VQH","B06VVG7VQH","SIMPLEX 4903-9255 A/V Horn-Strobe, Red, Vertical Mount","S49039255","22","0.08%","29","0.07%","83%","4","0","18.18%","0.00%","$467.80","$0.00","1","0"
"B06XD119Z7","B06XD119Z7","Notifier CHS-M3 - Mounting Chassis for CPU-3030/CPU2-3030/NCA-2","NCHSM3","14","0.05%","29","0.07%","34%","2","0","14.29%","0.00%","$232.94","$0.00","1","0"
"B06ZYSNM9N","B06ZYSNM9N","Simplex 2190-9159 Signal Zone Adapter Module","S210909159","7","0.02%","8","0.02%","88%","2","0","28.57%","0.00%","$235.06","$0.00","1","0"
"B06ZYSPLDY","B06ZYSPLDY","Simplex 4904-9169 - Strobe 75CD RED","S49049169","14","0.05%","20","0.05%","90%","3","0","21.43%","0.00%","$190.65","$0.00","1","0"
"B0716L4M65","B0716L4M65","Edwards STI-1200 Stopper II Without Horn for Flush Stations","ESTI1200","12","0.04%","14","0.03%","100%","2","0","16.67%","0.00%","$105.90","$0.00","1","0"
"B071DMX79S","B071DMX79S","SIMPLEX 4098-9614E - Fixed Temperature Heat Detector -200F","S40989614E","57","0.19%","75","0.18%","96%","2","0","3.51%","0.00%","$77.64","$0.00","2","0"
"B071RV58RR","B071RV58RR","Bosch FAP-440 - Analog Photo Detector","BFAP440","6","0.02%","8","0.02%","75%","6","0","100.00%","0.00%","$311.46","$0.00","1","0"
"B071V6GSK6","B071V6GSK6","Edwards GCHFRF-S7VMC - HF Ceiling Speaker/Strobe M-C - W/FIRE (RED)","EGCHFRFS7VMC","11","0.04%","27","0.06%","74%","16","0","145.45%","0.00%","$943.20","$0.00","1","0"
"B072HPYKDM","B072HPYKDM","Edwards G4HFWN-S7VMC M/C HIGH Fidelity Speaker Strobe, White","EG4HFWNS7VMC","12","0.04%","20","0.05%","85%","1","0","8.33%","0.00%","$64.55","$0.00","1","0"
"B0746T7B3Z","B0746T7B3Z","Edwards EST SIGA-HRD- Fixed/ ROR Heat Detector (Replaces SIGA-HFS & SIGA-HRS)","ESIGAHRD","59","0.20%","82","0.20%","56%","1","0","1.69%","0.00%","$41.18","$0.00","1","0"
"B076DHSZ2B","B076DHSZ2B","Edwards 6832-1 -Backbox RED for 6830-1 or 6830-2","E68321","1","0.00%","3","0.01%","100%","2","0","200.00%","0.00%","$44.68","$0.00","1","0"
"B076DJ6LGP","B076DJ6LGP","Notifier NP-100R - Addressable Photo Detector W/ Remote Testing","NNP100R","57","0.19%","91","0.22%","90%","8","0","14.04%","0.00%","$577.44","$0.00","7","0"
"B076DS27VN","B076DS27VN","Simplex 4098-9832 - Adapter Plate","S40989832","45","0.15%","55","0.13%","91%","4","0","8.89%","0.00%","$67.66","$0.00","2","0"
"B076DSBRZQ","B076DSBRZQ","Simplex 4098-9750 - Duct Detector Housing W/O Relay","S40989750","7","0.02%","10","0.02%","100%","1","0","14.29%","0.00%","$171.86","$0.00","1","0"
"B076DSSG4W","B076DSSG4W","Simplex 4090-9106 - ZAM Initiating Module Class A","S40909106","13","0.04%","15","0.04%","73%","1","0","7.69%","0.00%","$55.14","$0.00","1","0"
"B076HD9J11","B076HD9J11","Simplex 4905-9989 - Horn/Speaker TrueAlert Cover (White)","S49059989","96","0.33%","132","0.31%","75%","31","0","32.29%","0.00%","$465.65","$0.00","2","0"
"B0778Q5K6M","B0778Q5K6M","System Sensor SWL- L- Series Strobe Multi-Candela W/Fire Markings","SSWL","109","0.37%","155","0.37%","94%","3","0","2.75%","0.00%","$126.21","$0.00","1","0"
"B0778Z6F7G","B0778Z6F7G","Notifier SFP-10UD - 10 Zone Fire Control Panel (Complete)","NSFP10UD","36","0.12%","42","0.10%","93%","1","0","2.78%","0.00%","$928.95","$0.00","1","0"
"B077BNYP16","B077BNYP16","Notifier NP-100T- Adressable Photo/Heat Dector W/Base","NNP100T","3","0.01%","7","0.02%","100%","1","0","33.33%","0.00%","$68.47","$0.00","1","0"
"B077JFQX9C","B077JFQX9C","Edwards 27193-11 - Surface Mount Box (RED)","E2719311","10","0.03%","14","0.03%","100%","1","0","10.00%","0.00%","$18.63","$0.00","1","0"
"B077JJPVZR","B077JJPVZR","Edwards SIGA-MD - Signature PIR Motion Detector","ESIGAMD","4","0.01%","7","0.02%","71%","3","0","75.00%","0.00%","$301.05","$0.00","1","0"
"B077NZ6H4K","B077NZ6H4K","Notifier NFS-320 - Intelligent Fire Alarm Panel","NNFS320","90","0.31%","139","0.33%","26%","1","0","1.11%","0.00%","$1,747.06","$0.00","1","0"
"B077P49GN7","B077P49GN7","Edwards SIGA-AA50 - Intelligent Audio Amplifier - 50 Watt","ESIGAAA50","21","0.07%","39","0.09%","33%","1","0","4.76%","0.00%","$383.81","$0.00","1","0"
"B077XPLXXR","B077XPLXXR","Edwards MR-201/C -DPDT AUX Relay","EMR201C","10","0.03%","13","0.03%","85%","2","0","20.00%","0.00%","$46.37","$0.00","2","0"
"B077Y8NT5W","B077Y8NT5W","Notifier ABS-1B - Annunciator Surface Box (Black)","NABS1B","11","0.04%","17","0.04%","59%","2","0","18.18%","0.00%","$95.90","$0.00","2","0"
"B077YCL23R","B077YCL23R","NOTIFIER CO NC-100R ADDRESSABLE Relay Module, 2 Rotary SWITCHES, 2 Form C Dry Contacts, MOUNTS to 4X4 Electrical Box","NNC100R","53","0.18%","70","0.17%","47%","1","0","1.89%","0.00%","$65.88","$0.00","1","0"
"B0786RC1H2","B0786RC1H2","Vigilant GSA-MM1 Monitor Module Single Input","EGSAMM1","6","0.02%","10","0.02%","90%","2","0","33.33%","0.00%","$80.21","$0.00","2","0"
"B07B451MBT","B07B451MBT","Edwards 279B-1120 - Double Action Pull Station W/Key Reset","E279B1120","58","0.20%","78","0.19%","90%","10","0","17.24%","0.00%","$214.07","$0.00","4","0"
"B07B54DQ89","B07B54DQ89","Edwards 302-ET-194 - Heat Detector Vertical Mount 194 °F","E302ET194","22","0.08%","31","0.07%","74%","1","0","4.55%","0.00%","$36.11","$0.00","1","0"
"B07B5BLP3Y","B07B5BLP3Y","Simplex 4090-9810- Mounting Bracket for IAM","S40909810","1","0.00%","2","0.00%","100%","2","0","200.00%","0.00%","$39.30","$0.00","1","0"
"B07B5BTS6M","B07B5BTS6M","Simplex 4098-9822- TrueAlarm Relay Module","S40989822","6","0.02%","6","0.01%","100%","1","0","16.67%","0.00%","$22.17","$0.00","1","0"
"B07B5XQ43R","B07B5XQ43R","Edwards 757-7A-SS70W - Speaker/Strobe 15-75CD 70V (WHITE)","E7577ASS70W","8","0.03%","10","0.02%","50%","3","0","37.50%","0.00%","$215.10","$0.00","2","0"
"B07B61S4KG","B07B61S4KG","Edwards 889D-AW - Explosion Proof Horn 24VDC (RED)","E889DAW","11","0.04%","11","0.03%","45%","2","0","18.18%","0.00%","$992.86","$0.00","1","0"
"B07B69CP94","B07B69CP94","Edwards SD-GSK- SuperDuct Gasket Kit","ESDGSK","4","0.01%","5","0.01%","100%","7","0","175.00%","0.00%","$117.95","$0.00","1","0"
"B07B69J5RP","B07B69J5RP","Edwards SIGA-RM1- Riser Monitor Module","ESIGARM1","7","0.02%","8","0.02%","62%","1","0","14.29%","0.00%","$81.91","$0.00","1","0"
"B07B69M4PW","B07B69M4PW","Edwards SD-TRK4 Remote Test Station for Duct Detector","ESDTRK4","10","0.03%","13","0.03%","100%","3","0","30.00%","0.00%","$126.33","$0.00","1","0"
"B07B69RRZT","B07B69RRZT","Edwards SIGA-PHD- Multi-Sensor Smoke and Heat Detector","ESIGAPHD","55","0.19%","70","0.17%","60%","2","0","3.64%","0.00%","$124.70","$0.00","1","0"
"B07B6BSTMN","B07B6BSTMN","Edwards F-XTR120 - NAC Power Expansion Transformer (120V)","EFXTR120","3","0.01%","4","0.01%","100%","1","0","33.33%","0.00%","$64.95","$0.00","1","0"
"B07B6BYD49","B07B6BYD49","Edwards DB9/RJ11 - Assembly Connector (Replaces P/N 350215)","EDB9RJ11","6","0.02%","9","0.02%","33%","1","0","16.67%","0.00%","$50.71","$0.00","1","0"
"B07B6FSLZG","B07B6FSLZG","Edwards WG4WF- HVMC Horn Strobe Wall Ceiling Mount, White","EWG4WFHVMC","81","0.28%","104","0.25%","97%","6","0","7.41%","0.00%","$600.54","$0.00","1","0"
"B07B6FYJBM","B07B6FYJBM","Notifier SFP-2402-2 Zone FACP Class B","NSFP2402","6","0.02%","6","0.01%","100%","1","0","16.67%","0.00%","$411.35","$0.00","1","0"
"B07B6TFNFJ","B07B6TFNFJ","Edwards SD-PH -SuperDuct Protective Housing","ESDPH","11","0.04%","17","0.04%","82%","4","0","36.36%","0.00%","$705.78","$0.00","2","0"
"B07B6TN86H","B07B6TN86H","System Sensor PC2WL- 2 Wire Horn Strobe Ceiling MT (White)","SPC2WL","64","0.22%","75","0.18%","89%","1","0","1.56%","0.00%","$53.45","$0.00","1","0"
"B07B6TP42D","B07B6TP42D","System Sensor OSY2- Gate Valve Supervisory Switch","SOSY2","20","0.07%","29","0.07%","52%","4","0","20.00%","0.00%","$327.60","$0.00","2","0"
"B07B6TX54K","B07B6TX54K","Edwards PS10-4B Replacement Power Supply for EST3/3X","EPS104B","17","0.06%","23","0.05%","70%","1","0","5.88%","0.00%","$809.95","$0.00","1","0"
"B07BPHDSK1","B07BPHDSK1","System Sensor B200S-LF - Low Frequency Addressable Sounder Base","SB200SLF","51","0.17%","65","0.16%","88%","3","0","5.88%","0.00%","$270.15","$0.00","2","0"
"B07C91DB4P","B07C91DB4P","Simplex 4007-9101 - Hybrid FACP (Red)","S40079101","1","0.00%","1","0.00%","100%","1","0","100.00%","0.00%","$1,188.49","$0.00","1","0"
"B07DF7FZZM","B07DF7FZZM","Gamewell ATD-L2F - Fixed Temperature Sensor","GATDL2F","33","0.11%","46","0.11%","54%","4","0","12.12%","0.00%","$234.80","$0.00","3","0"
"B07DF8M4KM","B07DF8M4KM","Simplex 2975-9178 - Addressable Steel Pull Station Back Box","S29759178","42","0.14%","56","0.13%","34%","1","0","2.38%","0.00%","$32.94","$0.00","1","0"
"B07DHR15K4","B07DHR15K4","Simplex 2080-9060 - Maintenance Switch with Lamp","S20809060","14","0.05%","19","0.05%","0%","1","0","7.14%","0.00%","$345.76","$0.00","1","0"
"B07DK352FY","B07DK352FY","Edwards 3-12SR LED Display Control Module","E312SR","9","0.03%","15","0.04%","0%","1","0","11.11%","0.00%","$287.20","$0.00","1","0"
"B07DP65NC3","B07DP65NC3","Simplex 565-831 - 4098 2Wire Duct Sensor PC BD A","S565831","10","0.03%","13","0.03%","77%","10","0","100.00%","0.00%","$414.60","$0.00","1","0"
"B07DPHRZMV","B07DPHRZMV","Edwards Signaling, G4HFWN-S2VMC, Wall Speaker, Strobe, 25 V, White","EG4HFWNS2VMC","12","0.04%","13","0.03%","92%","8","0","66.67%","0.00%","$501.34","$0.00","2","0"
"B07F3JJCF7","B07F3JJCF7","Notifier NDM-100 - Addressable Dual Monitor Module - 2 Class B","NNDM100","10","0.03%","14","0.03%","64%","12","0","120.00%","0.00%","$890.52","$0.00","1","0"
"B07F7G5B7Z","B07F7G5B7Z","System Sensor SCWL - Ceiling Mounted Strobe with Selectable Strobe Settings","SSCWL","8","0.03%","15","0.04%","0%","20","0","250.00%","0.00%","$852.40","$0.00","1","0"
"B07GBK5RM1","B07GBK5RM1","System Sensor SRL Wall Mounted Strobe Low Consumption of Energy","SSRL","4","0.01%","4","0.01%","0%","5","0","125.00%","0.00%","$184.70","$0.00","1","0"
"B07GX1DXPK","B07GX1DXPK","System Sensor F-A3384-000 - Air Filter Aspirating Detector Assembly","SFA3384000","9","0.03%","19","0.05%","0%","5","0","55.56%","0.00%","$532.29","$0.00","3","0"
"B07GXXKN4V","B07GXXKN4V","Kidde KI-HFD Intelligent Analog Fixed Temperature Heat Detector - 135F","KKIHFD","4","0.01%","6","0.01%","0%","1","0","25.00%","0.00%","$35.95","$0.00","1","0"
"B07GXY32C2","B07GXY32C2","Kidde KI-PD - Intelligent Analog Photoelectric Smoke Detector","KKIPD","19","0.06%","20","0.05%","30%","1","0","5.26%","0.00%","$44.00","$0.00","1","0"
"B07GY13ZZJ","B07GY13ZZJ","Kidde KI-SB Standard Detector Mounting Base","KKISB","7","0.02%","8","0.02%","0%","1","0","14.29%","0.00%","$14.84","$0.00","1","0"
"B07HC3P8MC","B07HC3P8MC","SpectrAlert SA-WBB System Sensor Weather Proof Back Box Wall SeperateShip SAWBB","SSAWBB","1","0.00%","4","0.01%","100%","1","0","100.00%","0.00%","$20.46","$0.00","1","0"
"B07JJ87N6Y","B07JJ87N6Y","SENSOR SYSTEMS M501M Discontinued by Manufacturer, Mini Monitor Module, 15-32 VDC, 4 Wire","SSM501M","19","0.06%","23","0.05%","74%","1","0","5.26%","0.00%","$51.76","$0.00","1","0"
"B07JN1YWYC","B07JN1YWYC","Notifier NH-100H - Intelligent Addressable Thermal Detector Base","NNH100H","12","0.04%","15","0.04%","100%","20","0","166.67%","0.00%","$1,319.60","$0.00","1","0"
"B07JNGZX4D","B07JNGZX4D","Edwards SIGA-COD - Intelligent Carbon Monoxide Detector","ESIGACOD","7","0.02%","8","0.02%","0%","2","0","28.57%","0.00%","$130.72","$0.00","1","0"
"B07JNT5S18","B07JNT5S18","Edwards 3-LDSM LED Display Support Module","E3LDSM","11","0.04%","20","0.05%","0%","1","0","9.09%","0.00%","$126.04","$0.00","1","0"
"B07JNY3C85","B07JNY3C85","Edwards 3-CPUDR - Two Plastic Doors with 3-FP Filler Plates","E3CPUDR","10","0.03%","19","0.05%","0%","1","0","10.00%","0.00%","$16.24","$0.00","1","0"
"B07JPDD6P1","B07JPDD6P1","Simplex 565-028 - 8 AMP Power Supply Board 4100","S565028","7","0.02%","12","0.03%","0%","2","0","28.57%","0.00%","$204.62","$0.00","1","0"
"B07JZGNQ95","B07JZGNQ95","Siemens AH-R-WP Weatherproof AH Red Horn","SAHRWP","3","0.01%","3","0.01%","0%","1","0","33.33%","0.00%","$32.94","$0.00","1","0"
"B07K7WPGG5","B07K7WPGG5","Simplex 1950-9108 - Timecard Weekly Payroll","S19509108","9","0.03%","9","0.02%","89%","1","0","11.11%","0.00%","$42.95","$0.00","1","0"
"B07K7XKR9Q","B07K7XKR9Q","Simplex 4098-9771 - CO Extended Life Sounder Base","S40989771","20","0.07%","27","0.06%","70%","1","0","5.00%","0.00%","$207.33","$0.00","1","0"
"B07K7Y342T","B07K7Y342T","DSC LC-B1-15X - Bracket for LC-151 Outdoor Motion Detector","DLCB115X","31","0.11%","37","0.09%","73%","9","0","29.03%","0.00%","$181.10","$0.00","5","0"
"B07K7ZGRCH","B07K7ZGRCH","Simplex 454-101 - Key For Switch","SIM454101","24","0.08%","37","0.09%","84%","1","0","4.17%","0.00%","$10.35","$0.00","1","0"
"B07K81BLZ7","B07K81BLZ7","Simplex 2099-9803 - Breakglass for Manual Pull Station","SIM20999803","37","0.13%","52","0.12%","94%","1","0","2.70%","0.00%","$11.72","$0.00","1","0"
"B07K81Q785","B07K81Q785","Simplex 630-201 Pull Station Rod","SIM630201","14","0.05%","16","0.04%","0%","1","0","7.14%","0.00%","$10.97","$0.00","1","0"
"B07L5SCMK6","B07L5SCMK6","Simplex 4906-9207 - Multi-Candela Addressable Ceiling Mount Strobe","S49069207","11","0.04%","14","0.03%","0%","1","0","9.09%","0.00%","$94.29","$0.00","1","0"
"B07L9HR8WN","B07L9HR8WN","Simplex 4098-9776 - SSD Sensor Base - Black","S40989776","4","0.01%","6","0.01%","0%","4","0","100.00%","0.00%","$119.80","$0.00","1","0"
"B07L9JHGNK","B07L9JHGNK","Edwards BPS6A/230-6.5 AMP Booster Power Supply - 220V","EBPS6A230","6","0.02%","9","0.02%","100%","1","0","16.67%","0.00%","$312.65","$0.00","1","0"
"B07L9JV83G","B07L9JV83G","Simplex 733-794 - Programming Download Cable","S733794","12","0.04%","23","0.05%","35%","1","0","8.33%","0.00%","$21.85","$0.00","1","0"
"B07LB4TTXZ","B07LB4TTXZ","Lenel LNL-AL600ULX-4CB6 - UL Listed Power Supply 12 VDC 6AMP Output","LLNLAL600ULX4CB6","25","0.09%","39","0.09%","85%","1","0","4.00%","0.00%","$664.95","$0.00","1","0"
"B07MVJR4NT","B07MVJR4NT","Simplex 4098-9774 - Photoelectric Smoke Sensor - Black","S40989774","82","0.28%","99","0.24%","90%","4","0","4.88%","0.00%","$117.64","$0.00","1","0"
"B07PCRBDVH","B07PCRBDVH","Simplex 2099-9803 Breakglass for Manual Pull Station (Lot of 10)","S2099-9803","19","0.06%","26","0.06%","77%","3","0","15.79%","0.00%","$57.03","$0.00","1","0"
"B07PFRM11R","B07PFRM11R","Edwards Signaling 590 Class 2 Signaling Transformers Low Voltage 120v Ac Primary 10v 5Va Secondary","E590","59","0.20%","75","0.18%","83%","2","0","3.39%","0.00%","$41.37","$0.00","2","0"
"B07PGLH2T7","B07PGLH2T7","Edwards Siga-CRH High Power Control Relay Fire Alarm","ESIGACRH","7","0.02%","8","0.02%","38%","2","0","28.57%","0.00%","$121.12","$0.00","1","0"
"B07PKS1JPB","B07PKS1JPB","DSC HS2LCD Full Message LCD Hardwired Security Keypad Fire Alarm","DHS2LCD","67","0.23%","94","0.22%","0%","5","0","7.46%","0.00%","$241.04","$0.00","5","0"
"B07PKWDY8B","B07PKWDY8B","Kidde Ki-Phd Intelligent Multisensor Smoke and Heat Detector Fire Alarm","KKIPHD","367","1.25%","457","1.09%","96%","4","0","1.09%","0.00%","$240.00","$0.00","1","0"
"B07PLB5TSC","B07PLB5TSC","Kidde KI-RB Detector Base with Form 'C' Relay Fire Alarm Smoke","KKIRB","84","0.29%","98","0.23%","98%","2","0","2.38%","0.00%","$57.20","$0.00","1","0"
"B07PLMG3T2","B07PLMG3T2","Farenhyt IDP Minimon Addressable Monitor Module Fire Alarm","FIDPMINIMON","13","0.04%","16","0.04%","81%","2","0","15.38%","0.00%","$152.74","$0.00","1","0"
"B07PRNKQKT","B07PRNKQKT","Edwards MPSR2-S45W-GE Weatherproof Explosionproof Manual Stations Fire Alarm Wall Mount","EMPSR2S45WGE","144","0.49%","276","0.66%","95%","1","0","0.69%","0.00%","$71.76","$0.00","1","0"
"B07RV5QNL4","B07RV5QNL4","Edwards WG4RF-H Fire Alarm Genesis Outdoor Wall/Ceiling Red Fire Horn Only","EWG4RFH","43","0.15%","46","0.11%","93%","1","0","2.33%","0.00%","$101.32","$0.00","1","0"
"B07RWRR8LH","B07RWRR8LH","Simplex 4081-9008 End of Line EOL Fire Alarm Resistors","S40819008","23","0.08%","35","0.08%","63%","12","0","52.17%","0.00%","$146.10","$0.00","2","0"
"B07S1YPK7N","B07S1YPK7N","Notifier B300-6 6"" Flanged Mounting Base for Detectors - Ivory","NB3006","13","0.04%","22","0.05%","82%","2","0","15.38%","0.00%","$32.70","$0.00","1","0"
"B07S4CXQQW","B07S4CXQQW","SIMPLEX 4905-9994 Fire Alarm Strobe Escutcheon Visible Cover Red-Plastic","S49059994","128","0.44%","162","0.39%","96%","32","0","25.00%","0.00%","$470.93","$0.00","3","0"
"B07SKB2MS7","B07SKB2MS7","SIEMENS ZH-MC-CR 500-636165 Fire Alarm Signal Z Horn Strobe Multi Candela Ceiling Wall Mount, Red","SZHMCCR","80","0.27%","109","0.26%","96%","8","0","10.00%","0.00%","$671.84","$0.00","1","0"
"B07SKL1X1C","B07SKL1X1C","SIEMENS FDBZ492-HR Duct Housing - 2 Wire with Relay for Addressable Systems","SFDBZ492HR","13","0.04%","21","0.05%","90%","5","0","38.46%","0.00%","$774.12","$0.00","2","0"
"B07SLLC7DW","B07SLLC7DW","Wheelock ASWP-2475C-FR Weatherproof Ceiling Wall Mount Horn Strobe, Red","WASWP2475CFR","147","0.50%","212","0.51%","96%","1","0","0.68%","0.00%","$126.34","$0.00","1","0"
"B07SPY5TRP","B07SPY5TRP","Notifier RM-1 Remote Microphone for ADP-4 Dress Panel","NRM1","4","0.01%","15","0.04%","73%","1","0","25.00%","0.00%","$337.64","$0.00","1","0"
"B07SQH1HP5","B07SQH1HP5","Edwards 50LMP-40WH Replacement Lamp - 40w Halogen","E50LMP40WH","13","0.04%","20","0.05%","95%","7","0","53.85%","0.00%","$168.31","$0.00","5","0"
"B07SRJQ9Z5","B07SRJQ9Z5","Simplex 6311-9502 Master Timer and Control for 6311 Timer","S63119502","2","0.01%","2","0.00%","50%","1","0","50.00%","0.00%","$112.46","$0.00","1","0"
"B07SXCT8FF","B07SXCT8FF","Edwards BPS10A/230 10 Amp Remote Booster Power Supply 220V","EBPS10A230","22","0.08%","33","0.08%","45%","7","0","31.82%","0.00%","$2,803.25","$0.00","3","0"
"B07T14J2W3","B07T14J2W3","Edwards FX-IDC1B Analog Single Input Mini Module","EFX1DC1B","8","0.03%","10","0.02%","70%","4","0","50.00%","0.00%","$186.24","$0.00","1","0"
"B07T25L1V3","B07T25L1V3","Notifier NFW-50X Intelligent Addressable Fire Alarm Control Panel (FACP), Black","NNFW50X","79","0.27%","121","0.29%","69%","1","0","1.27%","0.00%","$843.99","$0.00","1","0"
"B07T7KNQVF","B07T7KNQVF","Simplex 605-208 1403-Horizontal Shift Assy","S605208","2","0.01%","3","0.01%","100%","1","0","50.00%","0.00%","$625.97","$0.00","1","0"
"B07T8KCLVD","B07T8KCLVD","Simplex 4903-9360 Horn Strobe, White","S49039360","128","0.44%","170","0.41%","83%","2","0","1.56%","0.00%","$221.18","$0.00","2","0"
"B07T99VKFN","B07T99VKFN","Simplex 478-324 Class 2 Transformer Ac Adapter Input 120v Ac 60 Hz 33.5 W","S478324","52","0.18%","63","0.15%","0%","3","0","5.77%","0.00%","$79.07","$0.00","3","0"
"B07T9NN3JF","B07T9NN3JF","Simplex 605-443 1403-Cartridge Assy-Centennial (Black/Red)","605-443","4","0.01%","5","0.01%","80%","7","0","175.00%","0.00%","$117.32","$0.00","2","0"
"B07TBQ16CH","B07TBQ16CH","Notifier CMIC-RP Microphone and Well for CAB-RP Cabinet","NCMICRP","10","0.03%","13","0.03%","62%","1","0","10.00%","0.00%","$188.23","$0.00","1","0"
"B07TLDYXTH","B07TLDYXTH","Simplex 565-802 Card Graphic Driver Board for Simplex 4010 Fire Alarm Panel","S8565802","5","0.02%","5","0.01%","100%","1","0","20.00%","0.00%","$372.87","$0.00","1","0"
"B07V6TV272","B07V6TV272","Kidde Kir-HD Fire Alarm Intelligent Heat Detector","KKIRHD","245","0.84%","303","0.72%","94%","3","0","1.22%","0.00%","$80.65","$0.00","3","0"
"B07W6RM4HJ","B07W6RM4HJ","Simplex 49CMTV-WRF Multi-Tone Multi-Candela Horn Strobe, Red","S49CMTVWRF","216","0.74%","273","0.65%","94%","10","0","4.63%","0.00%","$1,003.55","$0.00","7","0"
"B07W9544VP","B07W9544VP","Gamewell FCI RCE-95 Relay Control Element","GRCE95","2","0.01%","2","0.00%","100%","5","0","250.00%","0.00%","$435.35","$0.00","1","0"
"B07W99HWNV","B07W99HWNV","Kidde Kir-PHD Intelligent Multisensor Smoke and Heat Detector","KKIRPHD","86","0.29%","127","0.30%","98%","2","0","2.33%","0.00%","$83.82","$0.00","1","0"
"B07XJZF8LY","B07XJZF8LY","Silent Knight IDP-Pull-DA Addressable Dual-Action Manual Pull Station Whit Key (Non Coded)","SKIDPPULLDA","28","0.10%","34","0.08%","76%","1","0","3.57%","0.00%","$118.28","$0.00","1","0"
"B07XM9FR26","B07XM9FR26","Simplex 49VOC-CWF VO Cover, Ceiling White Fire","S49VOCCWF","20","0.07%","26","0.06%","96%","11","0","55.00%","0.00%","$167.31","$0.00","1","0"
"B07XQMRPGZ","B07XQMRPGZ","Edwards FX-PDD Intelligent Addressable Optical Duct Smoke Detector","KFXPDD","7","0.02%","8","0.02%","100%","2","0","28.57%","0.00%","$192.70","$0.00","1","0"
"B07XTKKVYY","B07XTKKVYY","Simplex 4098-9401 135° F Fixed Temperature Life HT DT Fax Direct","S40989401","15","0.05%","22","0.05%","86%","2","0","13.33%","0.00%","$98.82","$0.00","1","0"
"B07XVRXP8V","B07XVRXP8V","GAMEWELL FCI XP95-B4 4"" mounting Base with X-Pert Programming Card","GXP95B4","3","0.01%","3","0.01%","33%","4","0","133.33%","0.00%","$75.48","$0.00","1","0"
"B07Y5KB625","B07Y5KB625","Silent Knight IDP-Monitor Monitoring Module","SIDPMONITOR","15","0.05%","18","0.04%","94%","2","0","13.33%","0.00%","$136.46","$0.00","1","0"
"B07ZL5G2MV","B07ZL5G2MV","Simplex 4903-9357 Speaker Visible Wall Mount Notification Appliance","S49039357","32","0.11%","38","0.09%","89%","3","0","9.38%","0.00%","$312.99","$0.00","1","0"
"B07ZL5Q2QZ","B07ZL5Q2QZ","ZH-MC-CW Multi Candela (Ceiling), White","SZHMCCW","3","0.01%","4","0.01%","100%","2","0","66.67%","0.00%","$160.94","$0.00","1","0"
"B07ZL5X8RM","B07ZL5X8RM","Simplex 4906-9256 Multi-Tapped Speaker with Multi-Candela Addressable Strobe, Red Alert","S49069256","16","0.05%","26","0.06%","100%","4","0","25.00%","0.00%","$367.48","$0.00","1","0"
"B082P88JV2","B082P88JV2","System Sensor P4RL 4-Wire, Horn Strobe, Replaces The P4R","SP4RL","1","0.00%","1","0.00%","100%","1","0","100.00%","0.00%","$73.00","$0.00","1","0"
